Track URI,Track Name,Album Name,Artist Name(s),Release Date,Duration (ms),Popularity,Explicit,Added By,Added At,Genres,Record Label,Danceability,Energy,Key,Loudness,Mode,Speechiness,Acousticness,Instrumentalness,Liveness,Valence,Tempo,Time Signature
spotify:track:0IZM2onaTBMRTEIcc5oIi9,"Hot N Cold","Hot N Cold","Katy Perry",2008-01-01,223226,54,false,111573307,2014-12-09T17:32:40Z,"pop","Capitol Records",0.702,0.838,7,-3.992,1,0.0439,0.0000798,0,0.072,0.855,132.007,4
spotify:track:6ZyNjT2hYvfV5PuW84dp1E,"1 Thing","Playlist: The Very Best Of Amerie","Amerie",2008,238746,55,false,111573307,2014-12-09T17:33:19Z,"","Columbia/Legacy",0.636,0.946,10,-4.683,0,0.332,0.115,0.0000375,0.0416,0.891,125.085,5
spotify:track:4DDzkbIwmJVAAo1yJmr5V1,"7 Days","Born To Do It","Craig David",2000-08-14,235213,1,false,111573307,2014-12-09T17:33:36Z,"","WM UK",0.622,0.823,4,-7.545,0,0.0512,0.216,0,0.0966,0.862,166.019,4
spotify:track:7L46BOT0qszScetf8bM1or,"10 Lil' Crips","Tha Blue Carpet Treatment","Snoop Dogg",2006-01-01,195093,0,true,111573307,2014-12-09T17:33:55Z,"g-funk,hip hop de la costa oeste,rap gangster,hip hop old school,hip hop,rap","Universal Music Group",0.761,0.87,4,-4.603,1,0.206,0.371,0,0.141,0.628,94.056,4
spotify:track:3Vr4AaUcphcIW8bJDHmj4N,"54-46 Was My Number","Repo Men","Toots & The Maytals",2010-05-31,190466,0,false,111573307,2014-12-09T17:34:01Z,"reggae,rocksteady,roots reggae,ska,dub,ragga","Silva Screen Records",0.698,0.457,7,-7.363,1,0.317,0.639,0.0000166,0.0645,0.389,157.566,4
spotify:track:3qxAm8VUS740NTGCvEcFpy,"A Dream","A Dream","Common;will.i.am",2007-01-01,218080,0,false,111573307,2014-12-09T17:34:18Z,"hip hop,jazz rap,neo soul","Hollywood Records",0.772,0.759,9,-7.261,0,0.284,0.245,0.0000697,0.106,0.625,103.042,4
spotify:track:2YHkp09tljbU2TXBYP80xu,"A Fifth of Beethoven - Rock Da Beat Mix","Instrumentals","Ludwig van Beethoven;DJ Daddy Ray Z",2008-04-23,199227,0,false,111573307,2014-12-09T17:34:31Z,"clásica,piano clásico,música de cámara,concerto","D-Verso",0.62,0.939,1,-4.192,1,0.0515,0.00178,0.00441,0.161,0.68,100.008,4
spotify:track:4fIWQFkuHHOcjQFKibUGSo,"Lead the way","Lead the way","Carlos Jean",2010-11-21,260880,38,false,111573307,2014-12-09T17:35:18Z,"chachachá","Novaemusik",0.691,0.722,11,-5.988,1,0.049,0.0252,0.00574,0.145,0.513,128.004,4
spotify:track:4LQ8EDq2ugRf5eZ0ib9D40,"Rise & Fall - feat. Sting","Greatest Hits (Standard DMD)","Craig David",2008-11-21,285906,0,false,111573307,2014-12-09T17:35:39Z,"","WM UK",0.633,0.627,9,-6.225,1,0.0482,0.285,0,0.665,0.789,84.008,4
spotify:track:5P11rW6aJErF37MTfRZS31,"Hallelujah, I Love Her So","Ray Charles (aka: Hallelujah, I Love Her So)","Ray Charles",1957-01-01,155506,67,false,111573307,2014-12-09T17:35:49Z,"soul,soul blues,soul clásico,vocal jazz,jazz","Rhino Atlantic",0.696,0.547,5,-5.954,0,0.169,0.792,0,0.155,0.623,73.203,4
spotify:track:3Cr8Os0nVRQbH0B4y7HFC4,"Please Stay","The Point Of It All","Anthony Hamilton",2008-12-16,302920,36,false,111573307,2014-12-09T17:35:56Z,"neo soul,r&b,quiet storm","So So Def",0.649,0.448,6,-5.522,1,0.0428,0.179,0,0.102,0.124,132.445,4
spotify:track:4VudDm3sB5hN1RcbI1LRJV,"Something That I Like","Transition (Deluxe Edition)","Ryan Leslie;Pusha T",2009-01-01,247600,0,false,111573307,2014-12-09T17:36:18Z,"","Universal Music",0.655,0.695,8,-3.212,0,0.229,0.308,0,0.328,0.685,94.936,4
spotify:track:19KlLuxA7AxvQpoQYx7zhG,"I Need A Dollar","I Need A Dollar 12""","Aloe Blacc",2010-02-11,244386,0,false,111573307,2014-12-09T17:36:31Z,"","Stones Throw Records",0.838,0.367,6,-11.833,0,0.0396,0.176,0,0.0861,0.961,95.508,4
spotify:track:3QHONiXGMGU3z68mQInncF,"I'll Be Missing You (feat. Faith Evans, 112)","Bad Boy's 10th Anniversary- The Hits","Diddy;Faith Evans;112",2004-03-09,301520,75,false,111573307,2014-12-09T17:36:39Z,"hip hop,hip hop de la costa este,r&b","Bad Boy Records",0.862,0.479,7,-9.199,1,0.0645,0.0523,0.00126,0.589,0.924,109.877,4
spotify:track:7C86DVl6REN8VPeGEMOf9q,"Get Busy","Dutty Rock","Sean Paul",2002-11-12,211666,3,false,111573307,2014-12-09T17:36:45Z,"dancehall","VP/Atlantic Records",0.735,0.824,10,-4.143,0,0.036,0.615,0,0.158,0.726,100.202,4
spotify:track:1rBCqUMWdZSTCnlj3q6MiI,"This Is Why I'm Hot","This Is Why I'm Hot (Explicit) [The Original]","MiMS",2007,253706,0,true,111573307,2014-12-09T17:36:51Z,"","Capitol Records",0.621,0.6,8,-6.349,1,0.576,0.277,0,0.495,0.485,80.021,4
spotify:track:0h87GbMRuU8ENP8LmdeA22,"At Last","Music From The Motion Picture Cadillac Records","Beyoncé",2008-11-28,180706,51,false,111573307,2014-12-09T17:38:50Z,"","Music World Music/Columbia",0.26,0.26,5,-10.669,1,0.0329,0.666,0.00447,0.175,0.318,172.655,3
spotify:track:1SVkLT20TPJ5u00cAS6iMN,"Hush","Ultimate R&B 2007","LL COOL J;7 Aurelius",2007-01-01,214600,15,false,111573307,2014-12-09T17:38:54Z,"hip hop old school,hip hop de la costa este","Universal Music Group International",0.711,0.723,11,-6.532,1,0.315,0.134,0,0.131,0.798,98.888,4
spotify:track:1t0l1YKvbhgbXXAti5BZIz,"I Can Change Your Life","Lessons In Love","Lloyd",2008-01-01,208573,0,false,111573307,2014-12-09T17:39:09Z,"r&b","Universal Music Ltd.",0.381,0.559,5,-9.881,0,0.043,0.0611,0.00000264,0.123,0.436,93.914,4
spotify:track:423EcxblW9F4nnQkqcqMlK,"Deja Vu (feat. JAY-Z)","B'Day Deluxe Edition","Beyoncé;JAŸ-Z",2007-05-29,240280,68,false,111573307,2014-12-09T17:39:45Z,"hip hop,hip hop de la costa este,rap","Columbia",0.644,0.746,7,-4.941,1,0.341,0.0071,0.0000122,0.0743,0.355,105.253,4
spotify:track:6281LdA2cVFwVM0xC5cqA8,"The Choice Is Yours","The Document II","Black Sheep",2003-06-23,211360,0,false,111573307,2014-12-09T17:40:20Z,"ska punk","Illicit Recordings",0.879,0.847,10,-6.76,0,0.243,0.0447,0,0.32,0.711,101.397,4
spotify:track:6R9bdvExOZiLrwmBkXsPGr,"Ride Wit Me","Country Grammar","Nelly;City Spud",2000-06-27,291781,7,true,111573307,2014-12-09T17:40:33Z,"hip hop country","Universal Music Group",0.85,0.7,7,-6.49,1,0.0478,0.0616,0.0000018,0.244,0.722,101.875,4
spotify:track:6hKekKVnxtxE64Z3UUvamu,"Move (If You Wanna)","Move (If You Wanna)","MiMS",2008,191840,0,false,111573307,2014-12-09T17:40:48Z,"","Capitol Records",0.655,0.633,7,-6.325,1,0.377,0.0197,0.00000352,0.0571,0.722,81.188,4
spotify:track:1czXAuXNIGMhEkeSl08C5W,"The Way You Move (feat. Sleepy Brown) - Radio Mix","Speakerboxxx/The Love Below","Outkast;Sleepy Brown",2003-09-23,233960,0,false,111573307,2014-12-09T17:40:57Z,"hip hop sureño americano,hip hop","Arista",0.869,0.608,5,-4.866,0,0.0474,0.137,0.0000871,0.0624,0.627,125.992,4
spotify:track:4kO9tbzDOHwTXwRrFTKkTi,"Bag Lady","The Ultimate Contemporary R&B and Neo-Soul Collection Volume 1","The Hit Co.",2011-01-01,244293,0,false,111573307,2014-12-09T17:41:24Z,"","Planet Music",0.768,0.524,5,-8.934,0,0.138,0.0911,0,0.192,0.679,85.69,4
spotify:track:6xb2e7jrlWH7jthhpPOKfI,"Oops (Oh My)","The Ultimate Contemporary R&B and Neo-Soul Collection Volume 1","The Hit Co.",2011-01-01,239720,0,false,111573307,2014-12-09T17:42:52Z,"","Planet Music",0.738,0.397,7,-12.227,0,0.114,0.254,0.0000483,0.0822,0.778,160.019,4
spotify:track:76fPgZgFqMJql3vOShaidz,"OMG","OMG","USHER;will.i.am",2010-03-12,269733,0,false,111573307,2014-12-09T17:43:08Z,"r&b","LaFace Records",0.782,0.738,4,-5.857,0,0.0343,0.166,0.00000834,0.349,0.311,129.99,4
spotify:track:1A35w9OSTTVXw3c6tj6AiV,"Swagga Like Us - T.I. and Jay-Z feat. Kanye West and Lil' Wayne","Paper Trail","T.I.",2008-09-08,327666,0,true,111573307,2014-12-09T17:43:15Z,"hip hop sureño americano","Grand Hustle/Atlantic",0.58,0.817,4,-5.009,1,0.214,0.00163,0,0.118,0.238,89.008,4
spotify:track:7bchsHDaf9CRoe64ceIDYQ,"Fuck It (I Don't Want You Back)","F**k It","Eamon",2004-01-28,225626,48,true,111573307,2014-12-09T17:43:25Z,"","Jive",0.827,0.612,0,-6.347,0,0.0613,0.1,0.00000433,0.0461,0.516,68.505,4
spotify:track:1TrlqoDy1p0IJNoMjPTPqb,"My Chick Bad","Battle Of The Sexes","Ludacris;Nicki Minaj",2010-01-01,216813,0,true,111573307,2014-12-09T17:43:49Z,"hip hop sureño americano","Universal Music Group",0.627,0.723,1,-6.782,1,0.378,0.172,0,0.468,0.757,84.848,4
spotify:track:7Ajw8dF7TTXKxdBAUThzHL,"Smokin' Weed","Snoop Doggy Dogg","Snoop Dogg",2010-05-04,190173,0,true,111573307,2014-12-09T17:44:07Z,"g-funk,hip hop de la costa oeste,rap gangster,hip hop old school,hip hop,rap","Howie McDuffie Music Group",0.584,0.466,1,-12.141,1,0.307,0.0494,0,0.141,0.444,80.427,4
spotify:track:0DdpxWfVvUGgkJv5536tiF,"Sexy Can I feat. Yung Berg","All I Feel","Ray J",2008-04-08,204040,2,true,111573307,2014-12-09T17:44:20Z,"","Koch Records",0.575,0.684,1,-6.007,1,0.325,0.299,0,0.614,0.926,172.155,4
spotify:track:1QV6tiMFM6fSOKOGLMHYYg,"Poker Face","The Fame","Lady Gaga",2008-01-01,237200,87,true,111573307,2014-12-20T19:40:18Z,"art pop,pop","Streamline/Interscope",0.851,0.806,4,-4.618,1,0.0787,0.119,0.00000172,0.121,0.774,119.001,4
spotify:track:6nYoTBmGFNgfTyRC8x1Fvp,"TiK ToK","Animal","Kesha",2010,199693,2,false,111573307,2014-12-20T19:40:48Z,"","RCA Records Label",0.755,0.832,2,-2.741,0,0.116,0.0746,0.00000127,0.291,0.735,120.032,4
spotify:track:0rXgKeO7DWMiXCmNDhkRdd,"Boom Boom Pow","Boom Boom Pow","Black Eyed Peas",2009-01-01,252040,0,false,111573307,2014-12-20T19:41:13Z,"","Universal Music LLC",0.866,0.857,9,-5.894,1,0.0664,0.13,0.0017,0.131,0.408,130.049,4
spotify:track:5R9a4t5t5O0IsznsrKPVro,"Single Ladies (Put a Ring on It)","I AM...SASHA FIERCE","Beyoncé",2008-11-17,193213,70,false,111573307,2014-12-20T19:42:00Z,"","Music World Music/Columbia",0.426,0.584,1,-5.293,1,0.296,0.0383,0,0.188,0.272,193.437,4
spotify:track:1dzQoRqT5ucxXVaAhTcT0J,"Just Dance","The Fame","Lady Gaga;Colby O'Donis",2008-01-01,241933,86,false,111573307,2014-12-20T19:44:59Z,"art pop,pop","Streamline/Interscope",0.822,0.739,1,-4.541,0,0.0311,0.0264,0.0000428,0.181,0.745,118.99,4
spotify:track:4JehYebiI9JE8sR8MisGVb,"Halo","I AM...SASHA FIERCE","Beyoncé",2008-11-17,261640,77,false,111573307,2014-12-20T19:45:52Z,"","Music World Music/Columbia",0.508,0.72,11,-5.908,0,0.0628,0.272,0,0.0563,0.472,79.983,4
spotify:track:6mxyfdyF4LD7PctU3UNyjF,"Touch The Sky","Late Registration","Kanye West;Lupe Fiasco",2005-01-01,236600,3,true,111573307,2014-12-20T19:46:44Z,"rap","Universal Music Group",0.524,0.845,9,-4.912,1,0.348,0.0115,0,0.434,0.553,98.388,1
spotify:track:2FgkwIXC52sHCbqVL8jE41,"Hey Mama","Late Registration","Kanye West",2005-01-01,305066,0,true,111573307,2014-12-20T19:47:29Z,"rap","Universal Music Group",0.625,0.754,7,-6.993,1,0.189,0.0596,0,0.112,0.357,96.186,4
spotify:track:6YWPPvDvfsUixbZKsdt6fe,"Glamorous","The Dutchess (Explicit Version)","Fergie;Ludacris",2006-01-01,246595,0,true,111573307,2014-12-20T19:48:35Z,"hip hop sureño americano","Universal Music Group",0.811,0.757,0,-6.447,1,0.23,0.298,0,0.103,0.565,130.996,4
spotify:track:7GNV4NJxOytXJ4D9MnvwWn,"London Bridge","The Dutchess (Explicit Version)","Fergie",2006-01-01,241306,0,true,111573307,2014-12-20T19:48:39Z,"","Universal Music Group",0.769,0.609,1,-5.894,1,0.357,0.216,0,0.166,0.633,90.951,4
spotify:track:7Lf7oSEVdzZqTA0kEDSlS5,"Cry Me a River","Justified","Justin Timberlake",2002-11-04,288333,81,false,111573307,2014-12-20T19:49:45Z,"","Jive",0.624,0.654,8,-6.582,0,0.183,0.577,0,0.104,0.564,73.898,4
spotify:track:1AWQoqb9bSvzTjaLralEkT,"Rock Your Body","Justified","Justin Timberlake",2002-11-04,267266,87,false,111573307,2014-12-20T19:49:53Z,"","Jive",0.892,0.714,4,-6.055,0,0.141,0.201,0.000234,0.0521,0.817,100.972,4
spotify:track:3pD0f7hSJg2XdQ6udw5Tey,"What Goes Around.../...Comes Around (Interlude)","FutureSex/LoveSounds","Justin Timberlake",2006-09-12,448573,82,false,111573307,2014-12-20T19:49:56Z,"","Jive",0.687,0.723,7,-4.751,1,0.0709,0.122,0.00102,0.573,0.432,76,4
spotify:track:13X42np3KJr0o2LkK1MG76,"My Love","FutureSex/LoveSounds","Justin Timberlake;T.I.",2006-09-12,276160,0,false,111573307,2014-12-20T19:50:02Z,"hip hop sureño americano","Jive",0.771,0.676,4,-6.018,0,0.223,0.285,0.00000449,0.546,0.804,119.997,4
spotify:track:1P6UUB6YXRywFMo9yS9LeM,"(Oh No) What You Got","Justified","Justin Timberlake",2002-11-04,271333,0,false,111573307,2014-12-20T19:51:44Z,"","Jive",0.815,0.774,3,-6.983,0,0.0742,0.305,0.149,0.16,0.899,92.873,4
spotify:track:1k2NovMHKHhgGsHxg0aYAS,"Dead And Gone - feat. Justin Timberlake","Paper Trail","T.I.;Justin Timberlake",2008-09-08,299746,0,true,111573307,2014-12-20T19:53:49Z,"hip hop sureño americano","Grand Hustle/Atlantic",0.713,0.746,0,-4.99,1,0.259,0.0402,0,0.601,0.47,135.021,4
spotify:track:70cTMpcgWMcR18t9MRJFjB,"I Gotta Feeling","THE E.N.D. (THE ENERGY NEVER DIES) [International Version]","Black Eyed Peas",2009-01-01,289133,9,false,111573307,2014-12-20T19:54:52Z,"","Universal Music Group",0.743,0.766,0,-6.375,1,0.0265,0.0873,0,0.509,0.61,127.96,4
spotify:track:2Y2ud3awMZHDxOCpDebiv3,"Umbrella","Good Girl Gone Bad: Reloaded","Rihanna;JAŸ-Z",2008-06-02,275986,3,false,111573307,2014-12-20T19:55:34Z,"hip hop,hip hop de la costa este,rap","Universal Music Group",0.583,0.829,1,-4.603,1,0.134,0.00864,0,0.0426,0.575,174.028,4
spotify:track:6tXjP6xgPJ7Xr1igrO6bOE,"Don't Stop The Music","Good Girl Gone Bad: Reloaded","Rihanna",2008-06-02,267080,4,false,111573307,2014-12-20T19:55:38Z,"","Universal Music Group",0.835,0.669,6,-5.582,0,0.0643,0.0336,0.0000692,0.0535,0.542,122.668,4
spotify:track:5bXd8zA39HyVPdfcFqR3lK,"Rehab","Good Girl Gone Bad: Reloaded","Rihanna",2008-06-02,294720,0,false,111573307,2014-12-20T19:55:47Z,"","Universal Music Group",0.583,0.792,1,-5.894,1,0.0533,0.00321,0.0000492,0.315,0.397,80.055,4
spotify:track:01BvT9GPtThEzcMxkptkgN,"Disturbia","Good Girl Gone Bad: Reloaded","Rihanna",2008-06-02,238626,2,false,111573307,2014-12-20T19:55:51Z,"","Universal Music Group",0.707,0.813,11,-4.515,0,0.0571,0.0863,0,0.168,0.722,124.921,4
spotify:track:3mmjD9G2HUUzDbFl3NRDLM,"Take A Bow","Good Girl Gone Bad: Reloaded","Rihanna",2008-06-02,229413,0,false,111573307,2014-12-20T19:55:54Z,"","Universal Music Group",0.697,0.467,9,-7.536,1,0.0715,0.248,0,0.0941,0.572,82.081,4
spotify:track:0QQnhWfTBGAzZiTj92fVFn,"Good Girl Gone Bad","Good Girl Gone Bad: Reloaded","Rihanna",2008-06-02,213213,0,false,111573307,2014-12-20T19:56:03Z,"","Universal Music Group",0.708,0.553,5,-6.319,0,0.0262,0.0335,0,0.101,0.589,94.977,4
spotify:track:4789yoeBIsBi6et3z0fyly,"Hate That I Love You","Good Girl Gone Bad: Reloaded","Rihanna;Ne-Yo",2008-06-02,218946,0,false,111573307,2014-12-20T19:56:07Z,"","Universal Music Group",0.637,0.73,5,-5.38,0,0.0874,0.323,0,0.0981,0.732,93.867,4
spotify:track:3m7Fne4xA0bsKzEaWbNucr,"Shut Up And Drive","Good Girl Gone Bad: Reloaded","Rihanna",2008-06-02,212280,1,false,111573307,2014-12-20T19:56:10Z,"","Universal Music Group",0.735,0.826,1,-4.902,1,0.0349,0.00101,0.129,0.197,0.74,132.964,4
spotify:track:3PHYPaguCDKLK1a9cp3uXZ,"Because of You","Breakaway","Kelly Clarkson",2004,219493,0,false,111573307,2014-12-20T19:57:08Z,"navidad","RCA Records Label",0.584,0.583,5,-5.284,0,0.0313,0.248,0,0.124,0.15,139.93,4
spotify:track:6Bo7elbKiRfaHBMJGEBHqF,"Since U Been Gone","Breakaway","Kelly Clarkson",2004,188960,0,false,111573307,2014-12-20T19:57:17Z,"navidad","RCA Records Label",0.663,0.739,9,-5.354,0,0.0322,0.00206,0.0586,0.113,0.382,130.998,4
spotify:track:16GHcGtW9Io7AuVdNmTjv3,"Live Your Life - feat. Rihanna","Paper Trail","T.I.;Rihanna",2008-09-08,338853,5,true,111573307,2014-12-20T19:58:56Z,"hip hop sureño americano","Grand Hustle/Atlantic",0.375,0.862,11,-3.363,0,0.255,0.071,0,0.211,0.478,159.841,4
spotify:track:0CAfXk7DXMnon4gLudAp7J,"Low (feat. T-Pain)","Mail on Sunday","Flo Rida;T-Pain",2008-03-17,231400,88,false,111573307,2014-12-20T19:59:46Z,"","Poe Boy/Atlantic",0.918,0.609,10,-5.64,0,0.0791,0.0928,0,0.139,0.304,128.008,4
spotify:track:6SfbG7V8fKohZiemt1wb8Z,"Je te promets - Down Lo Remix","Je te promets (Down Lo Remix)","Zaho",2009,197973,0,false,111573307,2014-12-20T20:02:40Z,"r&b francés,pop francés,pop urbaine,variété francesa","Parlophone (France)",0.614,0.626,2,-8.191,1,0.0287,0.0466,0,0.328,0.488,72.475,4
spotify:track:1EzrEOXmMH3G43AXT1y7pA,"I'm Yours","We Sing. We Dance. We Steal Things.","Jason Mraz",2008-05-01,242946,86,false,111573307,2014-12-20T20:03:38Z,"pop suave,pop acústico","Atlantic Records/ATG",0.703,0.444,11,-9.331,1,0.0417,0.559,0,0.0973,0.712,150.96,4
spotify:track:0IktbUcnAGrvD03AWnz3Q8,"Lucky","We Sing. We Dance. We Steal Things.","Jason Mraz;Colbie Caillat",2008-05-01,189613,77,false,111573307,2014-12-20T20:03:47Z,"pop suave,pop acústico","Atlantic Records/ATG",0.625,0.414,0,-8.7,1,0.0369,0.294,0,0.151,0.669,130.088,4
spotify:track:5FTCKvxzqy72ceS4Ujux4N,"What's My Name?","Loud","Rihanna;Drake",2010-11-16,263173,71,true,111573307,2014-12-20T20:08:01Z,"rap","Def Jam Recordings",0.692,0.786,2,-2.959,1,0.069,0.23,0,0.0797,0.583,100.025,4
spotify:track:0uIGzK6ukV0A5yWoCxPkRL,"California King Bed","Loud","Rihanna",2010-11-16,251613,66,false,111573307,2014-12-20T20:08:10Z,"","Def Jam Recordings",0.467,0.586,7,-3.942,1,0.0357,0.218,0,0.12,0.318,169.93,4
spotify:track:1Bx0zEdVjkFlV27iKaePug,"Man Down","Loud","Rihanna",2010-11-16,267000,76,true,111573307,2014-12-20T20:08:12Z,"","Def Jam Recordings",0.47,0.904,0,-4.024,0,0.177,0.0436,0,0.0491,0.557,155.789,4
spotify:track:0a2JCinEvl21WeWLJBt7hM,"Skin","Loud","Rihanna",2010-11-16,303733,59,false,111573307,2014-12-20T20:08:22Z,"","Def Jam Recordings",0.637,0.573,7,-6.843,0,0.0449,0.14,0,0.13,0.114,127.003,4
spotify:track:6M6lsQB4OhqL41eld29PeC,"Love The Way You Lie (Part II) - Pt. 2","Loud","Rihanna;Eminem",2010-11-16,296226,72,true,111573307,2014-12-20T20:08:27Z,"rap,hip hop","Def Jam Recordings",0.469,0.833,10,-4.487,1,0.165,0.3,0,0.056,0.402,166.526,4
spotify:track:5hlWtrnVUyAze5WkxF9P56,"Rude Boy","Rated R","Rihanna",2009-11-20,222920,4,true,111573307,2014-12-20T20:09:11Z,"","Universal Music Group",0.563,0.75,11,-4.496,1,0.127,0.113,0,0.0788,0.812,173.906,4
spotify:track:0vU7Vb42qkjeSsmmNG5g3W,"Te Amo","Rated R","Rihanna",2009-11-20,208426,0,true,111573307,2014-12-20T20:09:26Z,"","Universal Music Group",0.567,0.707,8,-5.455,0,0.0818,0.541,0.000176,0.1,0.751,171.916,4
spotify:track:47Slg6LuqLaX0VodpSCvPt,"Just the Way You Are","Doo-Wops & Hooligans","Bruno Mars",2010-05-11,220734,85,false,111573307,2014-12-20T20:18:49Z,"","Elektra (NEK)",0.635,0.841,5,-5.379,1,0.0422,0.0134,0,0.0622,0.424,109.021,4
spotify:track:386RUes7n1uM1yfzgeUuwp,"The Lazy Song","Doo-Wops & Hooligans","Bruno Mars",2010-05-11,189109,84,false,111573307,2014-12-20T20:18:52Z,"","Elektra (NEK)",0.794,0.711,8,-5.124,0,0.0699,0.3,0,0.0955,0.955,174.915,4
spotify:track:6SKwQghsR8AISlxhcwyA9R,"Marry You","Doo-Wops & Hooligans","Bruno Mars",2010-05-11,230192,84,false,111573307,2014-12-20T20:19:05Z,"","Elektra (NEK)",0.621,0.82,10,-4.865,1,0.0367,0.332,0,0.104,0.452,144.905,4
spotify:track:4lLtanYk6tkMvooU0tWzG8,"Grenade","Doo-Wops & Hooligans","Bruno Mars",2010-05-11,222091,84,false,111573307,2014-12-20T20:19:08Z,"","Elektra (NEK)",0.704,0.558,2,-7.273,0,0.0542,0.148,0,0.107,0.245,110.444,4
spotify:track:3B5UbSndRz907IZhhmUfLi,"Count on Me","Doo-Wops & Hooligans","Bruno Mars",2010-05-11,197469,77,false,111573307,2014-12-20T20:19:15Z,"","Elektra (NEK)",0.589,0.389,0,-5.972,1,0.028,0.851,0,0.0772,0.501,89.1,4
spotify:track:7GKogiySPMru5MYoOWM9KH,"Merry Christmas Mr. Lawrence","Playing The Piano","Ryuichi Sakamoto",2009-01-01,280800,0,false,111573307,2015-01-05T01:33:21Z,"música clásica japonesa,ambient","Decca",0.442,0.233,10,-20.208,0,0.0466,0.979,0.913,0.0895,0.12,98.621,4
spotify:track:5hF2LnbkpnXCkksMSeWcxZ,"Pullin' Me Back","Hoodstar (Deluxe Edition)","Chingy;Tyrese",2006-01-01,234133,69,true,111573307,2015-01-17T16:04:25Z,"crunk,r&b,quiet storm","Capitol Records",0.786,0.511,7,-6.66,1,0.286,0.0825,0,0.12,0.587,80,4
spotify:track:7zJtOL0OGipDIQ192IDnj9,"Pump It","Monkey Business/Elephunk","Black Eyed Peas",2009-06-09,213066,0,false,111573307,2015-01-17T16:04:26Z,"","Interscope Records",0.658,0.918,9,-3.104,1,0.287,0.0118,0,0.717,0.735,153.633,4
spotify:track:0tYPj0NYa7vjlJaqlRSnJb,"Chain Hang Low","Jibbs feat. Jibbs","Jibbs",2006-01-01,207586,61,true,111573307,2015-01-17T16:04:37Z,"crunk","Geffen",0.792,0.589,4,-6.869,0,0.262,0.0259,0.000128,0.114,0.778,157.147,4
spotify:track:4XJgkeu052kEf1AIfXDlHQ,"Star Girl","Motion In The Ocean","McFly",2006-01-01,207506,59,false,111573307,2015-01-17T16:05:00Z,"","Universal-Island Records Ltd.",0.481,0.662,3,-3.957,1,0.0311,0.00255,0,0.0622,0.764,156.2,4
spotify:track:3ItzRpwvKtkDSNdRSjXu7Z,"Chelsea Dagger","Costello Music","The Fratellis",2007-01-01,215173,67,false,111573307,2015-01-17T16:05:08Z,"","Interscope",0.512,0.817,7,-3.154,1,0.142,0.0505,0,0.0775,0.552,154.607,4
spotify:track:0YsNWdVVmu2fTq8iRNIePT,"Lean Wit It, Rock Wit It - feat. Peanut & Charlay","Lean Wit It, Rock Wit It","Dem Franchize Boyz;Peenut;Charlay",2005,230960,0,true,111573307,2015-01-17T16:05:12Z,"crunk,hip hop sureño americano","Virgin Records",0.886,0.618,0,-5.734,1,0.301,0.0847,0,0.101,0.643,76.019,4
spotify:track:3kZoay4ANo86ehb6s4RwS9,"Ridin'","The Sound of Revenge","Chamillionaire;Krayzie Bone",2005-01-01,303053,73,true,111573307,2015-01-17T16:05:23Z,"hip hop sureño americano","Universal/Chamillitary",0.788,0.799,8,-4.68,0,0.0993,0.189,0,0.3,0.835,143.051,4
spotify:track:0Ti2dlF2xLjXblvdU5fCxM,"Miss Murder","DECEMBERUNDERGROUND","AFI",2006-06-02,206586,73,false,111573307,2015-01-17T16:05:41Z,"punk,horror punk,emo,skate punk","Interscope",0.308,0.873,8,-4.542,1,0.0533,0.00022,0.000729,0.0974,0.686,143.519,4
spotify:track:1pHP4JeQV9wDx87D6qH9hD,"Here It Goes Again","Oh No","OK Go",2005-01-01,179813,66,false,111573307,2015-01-17T16:05:49Z,"","Capitol Records",0.537,0.882,0,-2.306,1,0.0403,0.00035,0.0000906,0.12,0.81,145.73,4
spotify:track:1EXAqr4fceDPYlL6XeMi2g,"Rehab","Back To Black","Amy Winehouse",2006-01-01,213760,0,false,111573307,2015-01-17T16:06:01Z,"","Universal-Island Records Ltd.",0.439,0.874,0,-3.052,1,0.0666,0.0489,0.00000191,0.426,0.739,71.881,4
spotify:track:0mUyMawtxj1CJ76kn9gIZK,"Bad Day","Daniel Powter","Daniel Powter",2005-02-22,233640,79,false,111573307,2015-01-17T16:06:09Z,"","Warner Records",0.599,0.785,3,-4.013,1,0.0309,0.448,0.00336,0.151,0.52,140.046,4
spotify:track:4UNhyW0R7qylxrF6Z0q2Tb,"Freek-A-Leek","Still Writing In My Diary: 2nd Entry","Petey Pablo",2003,235186,73,true,111573307,2022-12-17T23:26:11Z,"crunk,hip hop sureño americano","Jive",0.737,0.697,2,-3.716,1,0.254,0.0756,0,0.359,0.662,104.917,4
spotify:track:6n9yCXvLhnYMgJIiIcMu7D,"Rockstar","All the Right Reasons (Special Edition)","Nickelback",2005-09-26,252040,68,false,111573307,2015-01-17T16:06:29Z,"post-grunge,rock","Roadrunner Records",0.616,0.91,0,-3.004,1,0.0386,0.0459,0,0.343,0.693,144.072,4
spotify:track:7huo2wvrCgRucUsjdSDLQV,"Ain't No Other Man","Back To Basics","Christina Aguilera",2006-08-14,228906,64,false,111573307,2015-01-17T16:06:39Z,"","RCA Records Label",0.862,0.742,7,-4.722,1,0.222,0.00376,0.00855,0.103,0.511,127.91,4
spotify:track:6TrLJzbFF1ynWWBipAlf0g,"Sorry","Celebration (double disc version)","Madonna",2009-09-18,238746,0,false,111573307,2015-01-17T16:07:15Z,"","Warner Records",0.6,0.852,0,-7.511,0,0.0326,0.000986,0.152,0.125,0.43,132.983,4
spotify:track:4PgtB6Sul8WDTRZCe5e8St,"Break It Off","A Girl Like Me","Rihanna;Sean Paul",2006-04-10,213373,57,false,111573307,2015-01-17T16:07:20Z,"dancehall","Def Jam Recordings",0.897,0.738,10,-5.314,0,0.228,0.0166,0,0.0573,0.798,133.966,4
spotify:track:30cSNer6TV8x2utjULVeQ5,"SOS","A Girl Like Me","Rihanna",2006-04-10,238920,83,false,111573307,2015-01-17T16:07:43Z,"","Def Jam Recordings",0.677,0.671,7,-4.905,1,0.0361,0.004,0.0000507,0.413,0.527,137.046,4
spotify:track:0yZOIfLr0rMlmFwelSxy4W,"Rock Steady","Studio 1","All Saints",2006-11-13,169893,44,false,111573307,2015-01-17T16:07:50Z,"","Parlophone UK",0.625,0.93,9,-3.405,0,0.0646,0.00982,0.0000205,0.42,0.768,137.015,4
spotify:track:65UKBA32AVBzthOGP62D2U,"Tracking Treasure Down","50 Trance Tunes, Vol. 28","Gabriel & Dresden;Molly Bancroft",2012-02-10,189066,36,false,111573307,2015-01-17T16:07:56Z,"trance,trance progresivo","Armada Music Albums",0.561,0.766,8,-5.058,0,0.0478,0.00358,0.000117,0.141,0.28,135.075,4
spotify:track:70wYA8oYHoMzhRRkARoMhU,"When You Were Young","Sam's Town","The Killers",2006-09-27,220426,82,false,111573307,2015-01-17T16:08:00Z,"rock alternativo","Island Records",0.467,0.988,11,-3.313,1,0.112,0.000152,0.0484,0.28,0.321,130.433,4
spotify:track:1D066zixBwqFYqBhKgdPzp,"Fergalicious","The Dutchess","Fergie;will.i.am",2006-09-13,292373,74,true,111573307,2015-01-17T16:08:05Z,"","Will I Am / Fergie LP1",0.906,0.583,8,-7.721,0,0.317,0.0569,0,0.126,0.829,129.056,4
spotify:track:4XRGwyAARL21fesc6BvliF,"Nothing in This World","Paris (U.S. Standard Version)","Paris Hilton",2006-08-14,189933,54,false,111573307,2015-01-17T16:08:09Z,"","Warner Records",0.724,0.772,11,-4.015,0,0.0328,0.00824,0.00454,0.0654,0.932,130.007,4
spotify:track:3HceZAQC9ZQFkKlSiVhYiK,"Love Don't Let Me Go - Original Edit","Just A Little More Love","David Guetta",2003-11-12,216893,0,false,111573307,2015-01-17T16:08:22Z,"edm","Parlophone France",0.593,0.836,10,-4.774,0,0.0463,0.0000737,0,0.117,0.406,127.087,4
spotify:track:734t4W5gXNP395BK9PXRPR,"World, Hold On","Noah's Arc Soundtrack","Bob Sinclar feat. Steve Edwards",2010-01-12,200400,0,false,111573307,2015-01-17T16:08:25Z,"","Tommy Boy Entertainment, LLC",0.734,0.941,8,-2.549,0,0.0965,0.0548,0.0000224,0.187,0.624,127.002,4
spotify:track:6pF9GmOJ9uE1E8t7u0W54J,"From Paris to Berlin - radio version","From Paris to Berlin","Infernal",2005,209666,0,false,111573307,2015-01-17T16:08:30Z,"eurodance","Scorpio Music",0.75,0.81,9,-6.655,0,0.0892,0.0973,0,0.0397,0.919,126.077,4
spotify:track:0k2GOhqsrxDTAbFFSdNJjT,"Temperature","The Trinity","Sean Paul",2005-09-27,216320,87,false,111573307,2015-01-17T16:08:32Z,"dancehall","VP Records",0.951,0.6,0,-4.675,0,0.0685,0.106,0,0.0712,0.822,125.04,4
spotify:track:1GeECVH4Msg1zLm8DExkbH,"Wind It Up","The Sweet Escape","Gwen Stefani",2006-01-01,189586,60,false,111573307,2015-01-17T16:08:51Z,"","Interscope",0.961,0.9,8,-6.874,1,0.0679,0.309,0.000199,0.354,0.95,120.008,4
spotify:track:7k6IzwMGpxnRghE7YosnXT,"Me & U","Cassie (U.S. Version)","Cassie",2006-08-07,192213,84,false,111573307,2015-01-17T16:08:56Z,"","Bad Boy Records",0.803,0.454,8,-4.802,0,0.0294,0.352,0,0.0655,0.739,99.99,4
spotify:track:2XzhZ1V8l837PXOOW3Mvhb,"Say I","So Amazin'","Christina Milian;Jeezy",2006-01-01,211266,0,false,111573307,2015-01-17T16:09:02Z,"hip hop sureño americano,crunk,rap gangster,rap","Universal/Island Def Jam",0.677,0.91,8,-2.734,1,0.144,0.0211,0.00000115,0.605,0.66,99.951,4
spotify:track:48T3AtfhOgz3euMEO2Z4hS,"LDN","Alright, Still (Bonus Track Version)","Lily Allen",2006-07-14,192333,58,false,111573307,2015-01-17T16:09:07Z,"","Parlophone UK",0.673,0.607,5,-7.672,1,0.027,0.0142,0.00000415,0.333,0.898,100.023,4
spotify:track:0F9JzyLpae18EExpnumUVE,"Stupid Girls","Greatest Hits...So Far!!!","P!nk",2010-11-12,195946,0,true,111573307,2015-01-17T16:09:25Z,"","LaFace Records",0.686,0.9,4,-4.144,0,0.067,0.000843,0.00152,0.0826,0.58,100.041,4
spotify:track:7g7M96UGiA7OR79H86gV4m,"U and Dat (feat. T. Pain & Kandi Girl)","My Ghetto Report Card","E-40;T-Pain;Kandi Girl",2006-03-14,202720,71,true,111573307,2015-01-17T16:09:29Z,"hyphy,hip hop de la costa oeste,g-funk","Reprise",0.858,0.484,6,-7.448,0,0.277,0.0241,0.0000018,0.123,0.329,99.992,4
spotify:track:3ZFTkvIE7kyPt6Nu3PEa7V,"Hips Don't Lie (feat. Wyclef Jean)","Oral Fixation, Vol. 2 (Expanded Edition)","Shakira;Wyclef Jean",2005-11-28,218093,20,false,111573307,2015-01-17T16:09:31Z,"pop latino","Epic",0.778,0.824,10,-5.892,0,0.0707,0.284,0,0.405,0.758,100.024,4
spotify:track:0CXVjQI9wsqaGeIARkkpYc,"I Wanna Love You","Konvicted","Akon;Snoop Dogg",2006-01-01,247066,80,true,111573307,2015-01-17T16:09:33Z,"g-funk,hip hop de la costa oeste,rap gangster,hip hop old school,hip hop,rap","Konvict/Upfront/SRC/Universal Records",0.866,0.454,0,-9.383,1,0.0414,0.0373,0.00000149,0.275,0.368,99.982,4
spotify:track:6k8uthjEbttfWXcGaNTQGD,"(When You Gonna) Give It Up to Me - Radio Version","Only Hits","Sean Paul;Keyshia Cole",2006-11-07,243880,58,false,111573307,2015-01-17T16:09:37Z,"dancehall,r&b","Rhino",0.711,0.761,8,-3.04,1,0.225,0.0669,0,0.041,0.719,95.825,4
spotify:track:6brl7bwOHmGFkNw3MBqssT,"So Sick","In My Own Words","Ne-Yo",2006-01-01,207186,84,false,111573307,2015-01-17T16:09:45Z,"","Def Soul",0.452,0.574,6,-8.336,1,0.311,0.245,0,0.189,0.578,92.795,4
spotify:track:4aR9bPMAOFySBuQSbVWF3d,"Smile","Alright, Still (Bonus Track Version)","Lily Allen",2006-07-14,196893,72,true,111573307,2015-01-17T16:11:14Z,"","Parlophone UK",0.632,0.639,5,-5.938,1,0.0259,0.00143,0,0.221,0.733,95.506,4
spotify:track:7n37dToRMRqUhdOnh9sEhB,"Why You Wanna","King","T.I.",2006-03-27,215000,0,true,111573307,2015-01-17T16:11:19Z,"hip hop sureño americano","Grand Hustle/Atlantic",0.802,0.772,1,-4.893,0,0.192,0.358,0,0.0603,0.654,96.046,4
spotify:track:0n2RMFCf3wfKJ9h3E3BKO8,"Savin' Me","All the Right Reasons (Special Edition)","Nickelback",2005-09-26,219320,51,false,111573307,2015-01-17T16:11:27Z,"post-grunge,rock","Roadrunner Records",0.441,0.815,3,-4.088,1,0.0276,0.000731,0,0.414,0.522,164.007,4
spotify:track:6EEeAog1VBZ6FrYpJ2q3WF,"Too Little, Too Late","The High Road","JoJo",2006-10-17,221720,0,false,111573307,2015-01-17T16:11:43Z,"","Universal/Island Def Jam",0.428,0.781,6,-5.032,0,0.0608,0.0123,0.0000147,0.104,0.728,82.353,4
spotify:track:3J58iVk8OXYAGG4YvOKG8u,"That's That Shit","Sexual Eruption","Snoop Dogg;R. Kelly",2008-01-01,257813,56,true,111573307,2015-01-17T16:11:53Z,"g-funk,hip hop de la costa oeste,rap gangster,hip hop old school,hip hop,rap,r&b","Geffen",0.866,0.619,9,-4.774,0,0.19,0.0202,0,0.0371,0.733,82.05,4
spotify:track:6o3s08kk2fQI37vxGZDrJ1,"Snap Yo Fingers","Snap Yo Fingers - Single","Lil Jon;E-40;Sean Paul",2006-05-02,274386,71,false,111573307,2015-01-17T16:12:06Z,"crunk,hyphy,hip hop de la costa oeste,g-funk","The Orchard",0.835,0.757,8,-5.029,0,0.23,0.00647,0,0.29,0.626,82.038,4
spotify:track:0faXHILILebCGnJBPU6KJJ,"The Diary of Jane - Single Version","Phobia (Clean Version)","Breaking Benjamin",2006-01-01,200546,81,false,111573307,2015-01-17T16:12:12Z,"metal alternativo,post-grunge,rock","Hollywood Records",0.392,0.964,10,-4.441,0,0.0644,0.0000713,0.0387,0.106,0.269,167.024,4
spotify:track:5imShWWzwqfAJ9gXFpGAQh,"Waiting On the World to Change","Continuum","John Mayer",2006-09-11,200666,71,false,111573307,2015-01-17T16:12:17Z,"cantautores","Aware/Columbia",0.578,0.756,2,-5.82,1,0.115,0.157,0.000232,0.249,0.663,176.739,4
spotify:track:68Zq7PMcPIQE8ol1x3gAqw,"The Way I Live","Across The Water","Baby Boy Da Prince;Boosie Badazz",2006-01-01,324906,61,true,111573307,2015-01-17T16:12:44Z,"hip hop sureño americano,crunk","Universal Records",0.88,0.438,0,-7.562,1,0.248,0.0147,0,0.0907,0.714,90.02,4
spotify:track:5wswaHYtytE9CZFncBwWPF,"Valerie","Tired Of Hanging Around","The Zutons",2006-04-17,236266,35,false,111573307,2015-01-17T16:13:00Z,"","Deltasonic",0.342,0.873,5,-3.152,0,0.0414,0.0188,0.0000219,0.164,0.85,168.74,4
spotify:track:40VAYnnGBDLQVXD8D1ager,"SexyBack","FutureSex/LoveSounds","Justin Timberlake;Timbaland",2006-09-12,242733,1,true,111573307,2015-01-17T16:13:13Z,"","Jive",0.967,0.583,7,-5.562,0,0.0789,0.0584,0,0.0519,0.964,117,4
spotify:track:6c8QH9FMFKj0ZgNeiyOx4v,"Over My Head (Cable Car)","Over My Head (Cable Car)","The Fray",2005-10-07,236373,52,false,111573307,2015-01-17T16:13:19Z,"","Epic",0.591,0.699,8,-5.221,1,0.0449,0.0204,0,0.0614,0.733,116.029,4
spotify:track:12MTkBZUoOC1BySWtVKLKr,"Say It Right","The Best of Nelly Furtado","Nelly Furtado",2010-01-01,223520,26,false,111573307,2015-01-17T16:13:21Z,"","Interscope",0.873,0.869,1,-6.238,1,0.133,0.047,0.000722,0.0463,0.798,116.943,4
spotify:track:25sA1vM4BFkTb5cJGWftFo,"Walk Away","Breakaway","Kelly Clarkson",2004-01-17,189306,54,false,111573307,2015-01-17T16:13:29Z,"navidad","RCA Records Label",0.75,0.888,0,-4.524,1,0.0426,0.0147,0.00000111,0.0759,0.935,115.973,4
spotify:track:3SwlakM6VX47IwG0Wll5ek,"Promiscuous","The Best of Nelly Furtado (Deluxe)","Nelly Furtado;Timbaland",2010-01-01,242373,58,false,111573307,2015-01-17T16:13:48Z,"","Interscope",0.807,0.97,10,-6.056,0,0.0477,0.0536,0.000066,0.149,0.876,114.298,4
spotify:track:75KdMdPqZGO3FGNtpByM1p,"Say Goodbye","Chris Brown","Chris Brown",2005-11-29,289760,0,false,111573307,2015-01-17T16:13:50Z,"r&b","Jive",0.805,0.494,1,-6.027,1,0.0363,0.00164,0,0.0798,0.408,115.049,4
spotify:track:2N5zMZX7YeL1tico8oQxa9,"Crazy","St. Elsewhere","Gnarls Barkley",2006-05-02,182066,4,false,111573307,2015-01-17T16:13:57Z,"","Downtown Recordings/Atl",0.836,0.741,8,-1.609,1,0.0339,0.0172,0.0583,0.0826,0.611,111.963,4
spotify:track:58Mmq9tDlN7jiUqmvugggD,"Keep Holding On","Keep Holding On","Avril Lavigne",2006-11-27,239453,0,false,111573307,2015-01-17T16:14:30Z,"","RCA Records Label",0.274,0.808,7,-2.678,1,0.0346,0.0382,0,0.198,0.131,161.104,3
spotify:track:5TXNLJ2EENAt3Tf9MX4kT2,"Beep","PCD","The Pussycat Dolls;will.i.am",2005-01-01,229360,57,false,111573307,2015-01-17T16:14:33Z,"","Pussycat Dolls",0.935,0.745,7,-6.391,1,0.0431,0.00914,0,0.116,0.518,103.691,4
spotify:track:2wTkNBFmPn2llwML4TXTAl,"I Don't Need A Man","I Don't Need A Man","The Pussycat Dolls",2006,220293,0,false,111573307,2015-01-17T16:14:39Z,"","Pussycat Dolls",0.781,0.956,10,-3.628,1,0.0447,0.0489,0.0000241,0.14,0.78,105.838,4
spotify:track:1NarGDteHRuDA9OfGyQ2MG,"Hey There Delilah","Hey There Delilah","Plain White T's",2006,226493,0,false,111573307,2015-01-17T16:14:45Z,"","Hollywood Records Inc.",0.624,0.28,2,-10.415,1,0.029,0.861,0.00000151,0.116,0.288,105.087,4
spotify:track:6fgbQt13JlpN59PytgTMsA,"Snow (Hey Oh)","Snow (Hey Oh)","Red Hot Chili Peppers",2006-12-19,334666,61,false,111573307,2015-01-17T16:14:48Z,"funk rock,rock alternativo,rock","Warner Records",0.427,0.9,11,-3.674,1,0.0499,0.116,0.0000175,0.119,0.599,104.655,4
spotify:track:717TY4sfgKQm4kFbYQIzgo,"Toxic","Greatest Hits: My Prerogative","Britney Spears",2007-12-18,198813,55,false,111573307,2015-01-17T16:15:52Z,"pop","Jive",0.774,0.847,5,-3.925,0,0.121,0.0279,0.0182,0.241,0.923,143.011,4
spotify:track:3JILPb8Uc6NKmHq1poT5ML,"Shut Up","Elephunk (International Version)","Black Eyed Peas",2003-01-01,296186,0,false,111573307,2015-01-17T16:15:55Z,"","Universal Music Group",0.81,0.714,2,-3.966,1,0.243,0.0637,0,0.237,0.561,112.968,4
spotify:track:40tnMfqlJ5PTNJFlx1U2RL,"If It's Lovin' That You Want","Music Of The Sun","Rihanna",2005-08-29,208106,0,false,111573307,2015-01-17T16:16:08Z,"","Universal Music Group",0.745,0.694,8,-7.519,1,0.128,0.0962,0,0.0454,0.74,95.924,4
spotify:track:6dF5QhnUT1pjG0mDCbEYVf,"Baby Boy (feat. Sean Paul)","Dangerously In Love","Beyoncé;Sean Paul",2003-03-10,244866,75,false,111573307,2015-01-17T16:16:14Z,"dancehall","Columbia",0.688,0.478,1,-9.142,1,0.231,0.0881,0.00000247,0.357,0.774,91.047,4
spotify:track:4675yUu8AUbE72T94BkLCD,"Beautiful","The Best Of Snoop Dogg","Snoop Dogg;Pharrell Williams;Uncle Charlie Wilson",2005-01-01,299146,62,true,111573307,2015-01-17T16:16:18Z,"g-funk,hip hop de la costa oeste,rap gangster,hip hop old school,hip hop,rap","Priority Records",0.893,0.74,11,-4.936,0,0.132,0.299,0,0.0881,0.963,101.025,4
spotify:track:5pBvNeOAJ54zgd5lEOmM3b,"Without Me","Curtain Call (Deluxe)","Eminem",2005-12-06,291213,2,true,111573307,2015-01-17T16:16:21Z,"rap,hip hop","Universal Music Group",0.919,0.657,7,-2.823,1,0.0907,0.00293,0,0.356,0.659,112.23,4
spotify:track:7iL6o9tox1zgHpKUfh9vuC,"In Da Club","Get Rich Or Die Tryin'","50 Cent",2003-02-06,193466,85,true,111573307,2015-01-17T16:16:24Z,"hip hop old school,hip hop de la costa este","Shady Records",0.899,0.713,6,-2.752,0,0.366,0.255,0,0.0708,0.777,90.051,4
spotify:track:5XJJdNPkwmbUwE79gv0NxK,"Gold Digger","Late Registration","Kanye West;Jamie Foxx",2005-01-01,207626,3,true,111573307,2015-01-17T16:16:27Z,"rap","Universal Music Group",0.646,0.696,1,-5.572,0,0.342,0.0192,0,0.0762,0.625,92.88,4
spotify:track:5WQ1hIc5d2EVbRQ8qsj8Uh,"Hey Ya! - Radio Mix / Club Mix","Speakerboxxx/The Love Below","Outkast",2003-09-23,235213,7,false,111573307,2015-01-17T16:16:29Z,"hip hop sureño americano,hip hop","Arista",0.719,0.967,0,-2.435,1,0.0552,0.0588,0.000249,0.206,0.964,79.505,4
spotify:track:0BCPKOYdS2jbQ8iyB56Zns,"Clocks","A Rush of Blood to the Head","Coldplay",2002-08-27,307879,88,false,111573307,2015-01-17T16:16:43Z,"","Parlophone Records Limited",0.577,0.749,5,-7.215,0,0.0279,0.599,0.0115,0.183,0.255,130.97,4
spotify:track:5zF2zGPkL6Ipsn9AfAK6RP,"This Love","Songs About Jane","Maroon 5",2002-06-25,206200,2,false,111573307,2015-01-17T16:16:45Z,"pop","Universal Music Group",0.714,0.868,5,-4.596,0,0.0363,0.0551,0,0.0987,0.78,95.05,4
spotify:track:3m6KkYKdnbffMpGd9Pm9FP,"Seven Nation Army","Elephant","The White Stripes",2003-04-01,231920,8,false,111573307,2015-01-17T16:16:50Z,"garage rock,blues rock,rock,rock alternativo","XL Recordings",0.745,0.466,4,-7.62,0,0.0864,0.00666,0.35,0.272,0.303,123.889,4
spotify:track:4xanWVQIzdCf51mg8cd1cQ,"Times Like These","Greatest Hits","Foo Fighters",2009-11-03,267973,55,false,111573307,2015-01-17T16:16:59Z,"post-grunge,rock,rock alternativo,grunge","RCA Records Label",0.36,0.905,4,-3.808,0,0.0812,0.0000137,0.00000751,0.0753,0.309,144.544,4
spotify:track:305WCRhhS10XUcH6AEwZk6,"Are You Gonna Be My Girl","Get Born","Jet",2003,213800,12,false,111573307,2015-01-17T16:17:07Z,"","BMG Rights Management (US) LLC",0.606,0.957,2,-3.404,1,0.0814,0.00117,0.000295,0.14,0.603,105.105,4
spotify:track:1RKUoGiLEbcXN4GY4spQDx,"Clint Eastwood","Gorillaz","Gorillaz;Del The Funky Homosapien",2001-03-26,340920,82,true,111573307,2015-01-17T16:17:14Z,"","Parlophone UK",0.663,0.694,10,-8.627,0,0.171,0.0253,0,0.0698,0.525,167.953,4
spotify:track:0DiWol3AO6WpXZgp0goxAV,"One More Time","Discovery","Daft Punk",2001-03-12,320357,85,false,111573307,2015-01-17T16:17:16Z,"house francés,electrónica,electro","Daft Life Ltd./ADA France",0.613,0.697,2,-8.618,1,0.133,0.0194,0,0.332,0.476,122.746,4
spotify:track:3stnrhzN0lzZFskbaZ5sEw,"Scandalous - U.S. Radio Edit","Mis-Teeq","Mis-Teeq",2004-07-13,238840,42,false,111573307,2015-03-26T01:44:01Z,"uk garage","Reprise",0.734,0.668,0,-3.935,0,0.0349,0.0526,0,0.0925,0.651,99.971,4
spotify:track:5szUY1cQZiRdnMeVtgQeib,"Gimme The Light","Reggae Gold 2002","Sean Paul",2002-05-21,226400,0,false,111573307,2015-06-23T17:09:23Z,"dancehall","VP Records",0.638,0.742,2,-5.841,1,0.0518,0.111,0.0000099,0.0712,0.917,102.307,4
spotify:track:5MTqczrMNkxZbFghiopgHL,"Wonderful","R.U.L.E.","Ja Rule;R. Kelly;Ashanti",2004-01-01,270506,2,true,111573307,2015-06-23T17:09:28Z,"hip hop de la costa este,r&b","Def Jam Recordings",0.663,0.777,11,-4.954,0,0.109,0.277,0,0.0466,0.758,92.681,4
spotify:track:5DLnnGENrprkpBO6ciyhl9,"Let Me Hold You","Wanted","Bow Wow;Omarion",2003,248493,0,false,111573307,2015-06-23T17:09:35Z,"r&b","Sony Urban Music/Columbia",0.818,0.669,11,-8.265,1,0.206,0.0931,0.000208,0.0928,0.588,151.462,4
spotify:track:0kO3njY9N1Rxgv27Ha1lLh,"Numb","Meteora (Bonus Edition)","Linkin Park",2003-03-25,187520,60,false,111573307,2015-06-23T17:10:33Z,"nu metal,rap metal,rock,metal alternativo","Warner Records",0.488,0.87,6,-4.185,0,0.0421,0.00353,0,0.484,0.211,110.072,4
spotify:track:7GbqE3MlkKosIaCvf50JRK,"Lady Marmalade - From ""Moulin Rouge"" Soundtrack","Moulin Rouge","Christina Aguilera;Lil' Kim;Mýa;P!nk",2001-09-03,264893,68,false,111573307,2015-06-23T17:17:45Z,"hip hop de la costa este","Moulin Rouge / Interscope",0.76,0.801,5,-3.769,1,0.0534,0.0144,0.0000149,0.665,0.653,109.919,4
spotify:track:6RX5iL93VZ5fKmyvNXvF1r,"Irreplaceable","B'Day Deluxe Edition","Beyoncé",2007-05-29,227853,74,false,111573307,2015-06-23T17:32:42Z,"","Columbia",0.447,0.694,7,-4.637,0,0.382,0.0293,0.00000546,0.167,0.509,175.868,4
spotify:track:3RYgABHAjXGMkiDIHQiwDQ,"Can't Get You out of My Head","Boombox","Kylie Minogue",2008-12-17,231480,54,false,111573307,2015-07-23T20:46:11Z,"dance pop","Parlophone UK",0.768,0.55,9,-7.604,0,0.034,0.0269,0.578,0.089,0.965,126.013,4
spotify:track:60e1nB8fP9h4Yw44sIfeQx,"Thong Song","Unleash The Dragon","Sisqo",1999-01-01,253733,1,true,111573307,2015-09-10T11:20:57Z,"","Def Jam Recordings",0.706,0.888,2,-6.959,1,0.0654,0.119,0.0000964,0.07,0.714,121.549,4
spotify:track:0ZUo4YjG4saFnEJhdWp9Bt,"Before He Cheats","Some Hearts","Carrie Underwood",2005-11-14,199939,81,false,111573307,2015-09-10T11:21:27Z,"country","Arista",0.519,0.749,6,-3.318,0,0.0405,0.271,0,0.119,0.29,147.905,4
spotify:track:3bbUkaQYGQHkx1TJi7gPSL,"Kryptonite","The Better Life - Deluxe Edition","3 Doors Down",2007-01-01,233826,2,false,111573307,2015-09-10T11:21:52Z,"post-grunge","Universal Music Group",0.547,0.87,11,-5.098,0,0.0286,0.00494,0.0000348,0.161,0.514,99.014,4
spotify:track:24kGngQeXHt0uhffKpq0zj,"Don't Cha","PCD (Revised International Version)","The Pussycat Dolls;Busta Rhymes",2005-01-01,272080,2,false,111573307,2015-09-10T11:22:46Z,"hip hop de la costa este","Universal Music Group",0.875,0.631,1,-3.475,1,0.099,0.00542,0.00000254,0.127,0.549,120.002,4
spotify:track:0vg4WnUWvze6pBOJDTq99k,"You're Beautiful","Back to Bedlam","James Blunt",2005-08-08,212960,79,true,111573307,2015-09-10T11:23:17Z,"","Custard/Atlantic",0.675,0.479,0,-9.87,0,0.0278,0.633,0.0000176,0.088,0.454,81.998,4
spotify:track:3fl78noR9kt12JYKuTAP4a,"Wisemen","Back to Bedlam","James Blunt",2005-08-08,221773,57,true,111573307,2015-09-10T11:23:21Z,"","Custard/Atlantic",0.633,0.701,10,-5.969,1,0.0267,0.253,0.0000479,0.165,0.634,151.892,4
spotify:track:6gxycjJNMgmAyfzUXBN80P,"Goodbye My Lover","Back to Bedlam","James Blunt",2005-08-08,258653,71,false,111573307,2015-09-10T11:23:23Z,"","Custard/Atlantic",0.432,0.261,4,-12.591,1,0.0512,0.953,0.00342,0.0903,0.273,89.567,4
spotify:track:31n0kYnWG4Xlyzb5Cy2HxU,"Tears and Rain","Back to Bedlam","James Blunt",2005-08-08,244226,57,false,111573307,2015-09-10T11:23:25Z,"","Custard/Atlantic",0.435,0.489,7,-7.519,1,0.0301,0.555,0.000246,0.107,0.178,169.861,4
spotify:track:6fRAvD7VB5J2rEgM6pmWNU,"It's Not Over","Daughtry","Daughtry",2007-10-26,215026,0,false,111573307,2015-09-10T11:24:01Z,"post-grunge","RCA Records Label",0.426,0.92,10,-3.243,0,0.0598,0.0559,0,0.246,0.296,145.946,4
spotify:track:27L8sESb3KR79asDUBu8nW,"Stacy's Mom","Welcome Interstate Managers","Fountains Of Wayne",2003-01-01,197986,79,false,111573307,2015-09-10T11:27:43Z,"power pop","S-Curve Records",0.774,0.75,11,-4.927,0,0.0412,0.00207,0.0000178,0.0808,0.927,118.015,4
spotify:track:756CJtQRFSxEx9jV4P9hpA,"I Believe in a Thing Called Love","Permission to Land","The Darkness",2003-07-07,216453,75,false,111573307,2015-09-10T11:28:10Z,"glam metal","Atlantic Records",0.453,0.892,4,-2.259,1,0.0781,0.0518,0.0000259,0.214,0.628,128.148,4
spotify:track:4iihDHIoKZdOeOW1kFDUtR,"Jaded","Just Push Play","Aerosmith",2001-03-05,214333,2,false,111573307,2015-09-10T11:28:39Z,"rock clásico,rock","Columbia",0.517,0.89,9,-4.033,1,0.0539,0.005,0.0000147,0.0824,0.632,118.009,4
spotify:track:5TAf4lnZCZTLlZHNZMLFLi,"I Try","On How Life Is","Macy Gray",1999-07-03,239440,76,false,111573307,2015-09-10T11:28:54Z,"","Epic",0.593,0.642,2,-7.284,1,0.0299,0.313,0.000582,0.0804,0.736,76.403,4
spotify:track:60a0Rd6pjrkxjPbaKzXjfq,"In the End","Hybrid Theory (Bonus Edition)","Linkin Park",2000-10-24,216880,92,false,111573307,2015-09-10T11:29:07Z,"nu metal,rap metal,rock,metal alternativo","Warner Records",0.556,0.864,3,-5.87,0,0.0584,0.00958,0,0.209,0.4,105.143,4
spotify:track:2czBvzOv3TvnyoW7Ozo7fP,"The Rising","The Rising","Bruce Springsteen",2002-07-30,290328,57,false,111573307,2015-09-10T11:29:48Z,"","Columbia",0.499,0.761,10,-6.381,1,0.0324,0.0655,0,0.0895,0.326,110.186,4
spotify:track:0r2Bul2NuCViraT2zX1l5j,"Get Low","Kings Of Crunk","Lil Jon & The East Side Boyz;Ying Yang Twins",2002-10-29,334066,81,true,111573307,2015-09-10T11:30:00Z,"crunk,hip hop sureño americano","The Orchard",0.521,0.625,1,-7.47,1,0.067,0.0301,0,0.121,0.136,101.019,4
spotify:track:3Y8WRvVlQHMvtBwaV4TGlJ,"Hero","Escape","Enrique Iglesias",2001,264240,0,false,111573307,2015-09-10T11:30:17Z,"pop latino,latina","Universal Music Group",0.555,0.638,7,-5.555,1,0.0418,0.147,0.0000231,0.107,0.149,151.933,4
spotify:track:0xM88xobymkMgg46MStfnV,"Hey There Delilah","Every Second Counts","Plain White T's",2006,232853,0,false,111573307,2015-09-10T11:30:33Z,"","Angel",0.51,0.376,2,-10.995,1,0.0307,0.865,0.000121,0.113,0.321,103.851,4
spotify:track:0gmbgwZ8iqyMPmXefof8Yf,"How You Remind Me","Silver Side Up","Nickelback",2001-09-11,223840,90,false,111573307,2015-09-10T11:30:50Z,"post-grunge,rock","Roadrunner Records",0.446,0.764,10,-5.042,1,0.033,0.00135,0,0.099,0.543,172.094,4
spotify:track:73qbHEi2infwn7MFXneeDq,"Ridin'","Ridin'","Chamillionaire;Krayzie Bone",2006-01-01,303586,41,true,111573307,2015-09-10T11:31:41Z,"hip hop sureño americano","Universal/Chamillitary",0.786,0.802,11,-4.701,1,0.105,0.194,0,0.273,0.841,143.047,4
spotify:track:1lkvpmrCaXK8QtliFDcHBO,"Bubbly","Coco","Colbie Caillat",2007-01-01,196226,75,false,111573307,2015-09-10T11:32:23Z,"","Universal Records",0.688,0.477,9,-6.684,1,0.036,0.594,0,0.115,0.257,127.866,4
spotify:track:7xYnUQigPoIDAMPVK79NEq,"Run It! (feat. Juelz Santana)","Chris Brown (Expanded Edition)","Chris Brown;Juelz Santana",2005,229866,80,false,111573307,2015-09-10T11:32:35Z,"r&b","Jive",0.846,0.482,1,-6.721,0,0.129,0.0246,0,0.393,0.212,100.969,4
spotify:track:7DFnq8FYhHMCylykf6ZCxA,"Yo (Excuse Me Miss)","Chris Brown (Expanded Edition)","Chris Brown",2005,229040,76,false,111573307,2015-09-10T11:32:40Z,"r&b","Jive",0.536,0.612,4,-5.847,1,0.272,0.119,0,0.209,0.57,86.768,4
spotify:track:53ETzLQQKFCzykRbqWb1ph,"Gimme That","Chris Brown (Expanded Edition)","Chris Brown",2005,186826,72,false,111573307,2015-09-10T11:32:43Z,"r&b","Jive",0.678,0.572,11,-7.033,0,0.0466,0.00374,0.0000659,0.118,0.444,87.165,4
spotify:track:2xjxlKErJn74pDjpIIIZnf,"Bring Me To Life - Live From Le Zénith,France/2004","Anywhere But Home (Live)","Evanescence",2004-01-01,283760,0,false,111573307,2015-09-10T11:32:59Z,"metal alternativo","Universal Music Group",0.44,0.814,4,-7.255,0,0.0562,0.029,0.0454,0.598,0.0391,95.016,4
spotify:track:5DwWqxlff3SA0EbUrT4IzA,"Stand Up","Chicken - N - Beer","Ludacris;Shawnna",2003-01-01,213760,0,true,111573307,2015-09-10T11:33:23Z,"hip hop sureño americano","Universal Music Group",0.75,0.84,6,-4.855,1,0.349,0.369,0,0.0916,0.801,99.054,4
spotify:track:7wZUrN8oemZfsEd1CGkbXE,"Bleeding Love","Spirit","Leona Lewis",2007,262466,82,false,111573307,2015-09-10T11:33:34Z,"","Syco Music UK",0.638,0.656,5,-5.886,1,0.0357,0.188,0,0.146,0.225,104.036,4
spotify:track:5hWd3aMNJBCvx3z9utJAY7,"Try Again","Aaliyah (International Version)","Aaliyah",2001,284946,0,false,111573307,2015-09-10T11:34:12Z,"r&b,r&b contemporáneo","Universal Music Group",0.795,0.674,6,-4.937,0,0.245,0.0774,0,0.0971,0.728,93.087,4
spotify:track:1gaUODQzPR6eNcJtNe0cyZ,"I'm Real - Murder Remix","J.Lo","Jennifer Lopez;Ja Rule",2001-07-24,262133,0,false,111573307,2015-09-10T11:34:31Z,"hip hop de la costa este","Epic",0.735,0.58,4,-7.555,0,0.115,0.368,0,0.0671,0.525,83.447,4
spotify:track:2IiNA0s5eQBSjwK4iNeUvW,"Complicated","Let Go","Avril Lavigne",2002-08-26,244506,1,false,111573307,2015-09-10T11:34:54Z,"","Arista",0.585,0.776,5,-5.898,1,0.0459,0.0572,0.00000774,0.3,0.427,77.987,4
spotify:track:4omisSlTk6Dsq2iQD7MA07,"Sk8er Boi","Let Go","Avril Lavigne",2002-08-26,204000,1,false,111573307,2015-09-10T11:34:57Z,"","Arista",0.487,0.9,0,-4.417,1,0.0482,0.0000679,0,0.358,0.484,149.937,4
spotify:track:2cMTIlktg3M9mXYqCPqw1J,"Milkshake","Tasty","Kelis",2003-12-05,182626,5,false,111573307,2015-09-10T11:35:12Z,"","Virgin Records",0.881,0.774,1,-6.068,1,0.0439,0.00986,0.0346,0.206,0.759,112.968,4
spotify:track:3aImJnJlAgcE7bJ1NxthGt,"Trick Me","Tasty","Kelis",2003-12-05,206106,2,true,111573307,2015-09-10T11:35:15Z,"","Virgin Records",0.97,0.72,1,-3.347,0,0.149,0.0369,0.000389,0.326,0.962,107.17,4
spotify:track:4srpHYFHKjVGRDNHqRpWxi,"TiK ToK","Animal + Cannibal (Deluxe Edition)","Kesha",2010-11-19,199693,1,false,111573307,2015-09-10T11:35:29Z,"","RCA Records Label",0.755,0.832,2,-2.741,0,0.116,0.0746,0.00000127,0.291,0.735,120.032,4
spotify:track:5q4I6I0ytvTKuYe1Fquxnx,"Family Affair","No More Drama","Mary J. Blige",2001-08-28,265866,1,false,111573307,2015-09-10T11:36:12Z,"r&b","Universal Music Group",0.914,0.551,8,-3.879,0,0.0455,0.133,0.0000261,0.0841,0.967,92.889,4
spotify:track:1WG3uNOzTWKRwCAfDAlUAW,"Party Up","The Best Of DMX","DMX",2010-01-01,274053,1,true,111573307,2015-09-10T11:36:29Z,"hip hop de la costa este,hip hop old school,hardcore hip hop","Universal Music Group",0.747,0.929,6,-3.924,1,0.237,0.084,0,0.135,0.532,100.942,4
spotify:track:0eGsygTp906u18L0Oimnem,"Mr. Brightside","Hot Fuss","The Killers",2004-06-15,222075,11,false,111573307,2015-09-10T11:36:51Z,"rock alternativo","Universal Music Group",0.351,0.928,1,-3.71,1,0.0759,0.00113,0,0.0988,0.239,148.03,4
spotify:track:12qZHAeOyTf93YAWvGDTat,"All The Small Things","Enema Of The State","blink-182",1999-01-01,168000,7,false,111573307,2015-09-10T11:37:25Z,"pop punk,punk,skate punk,rock,emo","Universal Music Group",0.442,0.893,0,-4.878,1,0.0505,0.00844,0,0.529,0.712,148.119,4
spotify:track:4hjuUelurEBKlqpJPJ77Iw,"Pocketful of Sunshine","Strip Me Away","Natasha Bedingfield",2008,203440,71,false,111573307,2015-09-10T11:38:03Z,"","Phonogenic",0.726,0.881,9,-3.892,0,0.0391,0.203,0,0.108,0.682,110.019,4
spotify:track:0ntQJM78wzOLVeCUAW7Y45,"Sex on Fire","Only By The Night","Kings of Leon",2008-09-23,203346,89,false,111573307,2015-09-10T11:38:46Z,"","RCA/Legacy",0.542,0.905,9,-5.653,1,0.054,0.00172,0.0104,0.136,0.374,153.398,4
spotify:track:5DCA1FOUDBURlRTNg4ganf,"Let Me Blow Ya Mind","Scorpion","Eve;Gwen Stefani",2001-01-01,229933,2,true,111573307,2015-09-10T11:39:37Z,"","Universal Music Group",0.905,0.559,1,-4.237,0,0.11,0.249,0,0.0646,0.887,90.031,4
spotify:track:14iN3o8ptQ8cFVZTEmyQRV,"I Kissed A Girl","One Of The Boys","Katy Perry",2008-06-17,179640,80,false,111573307,2015-09-10T11:40:01Z,"pop","Capitol Records",0.702,0.76,5,-3.174,1,0.0684,0.00226,0,0.132,0.696,129.996,4
spotify:track:0iGckQFyv6svOfAbAY9aWJ,"Hot N Cold","One Of The Boys","Katy Perry",2008-06-17,220226,82,false,111573307,2015-09-10T11:40:07Z,"pop","Capitol Records",0.706,0.842,7,-3.956,1,0.0417,0.0000773,0,0.0688,0.861,132.032,4
spotify:track:4zjFqN9fXAw91GNgJOCYX6,"Sugar, We're Goin Down","From Under The Cork Tree","Fall Out Boy",2005-01-01,229093,5,false,111573307,2015-09-10T11:40:42Z,"emo,pop punk","Universal Music Group",0.494,0.841,7,-4.784,1,0.0838,0.00579,0,0.122,0.567,162.013,4
spotify:track:2OuNgtXKeCSORKqdl0MxKk,"Chasing Pavements","19","Adele",2008-01-28,210506,1,false,111573307,2015-09-10T11:40:55Z,"pop suave","XL Recordings",0.614,0.47,5,-6.09,0,0.0255,0.291,0,0.111,0.329,80.045,4
spotify:track:3E7dfMvvCLUddWissuqMwr,"Party In The U.S.A.","The Time Of Our Lives (International Version)","Miley Cyrus",2009-01-01,202066,85,false,111573307,2015-09-10T11:41:06Z,"","Hollywood Records",0.652,0.698,10,-4.667,0,0.042,0.00112,0.000115,0.0886,0.47,96.021,4
spotify:track:6naxalmIoLFWR0siv8dnQQ,"Oops!...I Did It Again","Oops!... I Did It Again","Britney Spears",2000-05-16,211160,86,false,111573307,2015-09-10T11:41:40Z,"pop","Jive",0.751,0.834,1,-5.444,0,0.0437,0.3,0.0000177,0.355,0.894,95.053,4
spotify:track:2yiZyjMEByt9sJBZWnWaDR,"Bye Bye Bye","Greatest Hits","*NSYNC",2005-10-21,199640,49,false,111573307,2015-09-10T11:42:10Z,"","Jive",0.571,0.87,8,-3.877,0,0.0644,0.0198,0.00000657,0.0564,0.811,172.716,4
spotify:track:294DpgHLbYJBL8jFUUBvWZ,"Daughters","Heavier Things","John Mayer",2003-09-09,237906,0,false,111573307,2015-09-10T11:42:24Z,"cantautores","Columbia",0.674,0.413,2,-7.816,1,0.0274,0.837,0.0000191,0.098,0.503,124.895,3
spotify:track:0UdqZQEbRWTkNXlh5kl2L8,"All For You","All For You","Janet Jackson",2001-04-24,330026,53,false,111573307,2015-09-10T11:42:35Z,"new jack swing","Virgin Records",0.752,0.925,2,-3.288,1,0.0867,0.0178,0.125,0.104,0.692,113.528,3
spotify:track:4osg3vT6sXv6wNxm9Z6ucQ,"Rehab","Back To Black","Amy Winehouse",2006-01-01,213760,1,false,111573307,2015-09-10T11:43:34Z,"","Universal Music Group",0.434,0.872,0,-2.974,1,0.0702,0.0473,0.00000183,0.396,0.732,71.515,4
spotify:track:7yFkYur7IoDxMioyCMjsiz,"Me & Mr Jones","Back To Black","Amy Winehouse",2006-01-01,151573,0,true,111573307,2015-09-10T11:43:38Z,"","Universal Music Group",0.59,0.803,4,-2.518,1,0.085,0.537,0,0.105,0.477,87.851,4
spotify:track:4IMBnBRqm9RALmLrRqfMor,"Love Is A Losing Game","Back To Black","Amy Winehouse",2006-01-01,154160,0,false,111573307,2015-09-10T11:43:40Z,"","Universal Music Group",0.48,0.561,0,-5.874,1,0.027,0.317,0.00641,0.184,0.541,164.791,4
spotify:track:0eqH0ALoDQevq59YcQ53KE,"Hollaback Girl","Love. Angel. Music. Baby.","Gwen Stefani",2004-11-12,199853,76,true,111573307,2015-09-10T11:43:49Z,"","Interscope",0.926,0.916,10,-2.221,0,0.0929,0.35,0.00000601,0.0234,0.904,110.009,4
spotify:track:2oxtQ84p1j5GmyzmD50Lq0,"Rich Girl","Love. Angel. Music. Baby.","Gwen Stefani;Eve",2004-11-12,236213,76,false,111573307,2015-09-10T11:44:06Z,"","Interscope",0.856,0.746,7,-2.728,0,0.042,0.0292,0.0000153,0.206,0.761,98.018,4
spotify:track:1sn6iOK93jnp0Hn5BnNOXy,"Best of You","Greatest Hits","Foo Fighters",2009-11-03,254973,57,false,111573307,2015-09-10T11:44:28Z,"post-grunge,rock,rock alternativo,grunge","RCA Records Label",0.377,0.942,1,-4.543,0,0.07,0.00092,0.0000888,0.126,0.348,129.955,4
spotify:track:27cXevtj5VflsCUAZwr9eI,"Music","Celebration (double disc version)","Madonna",2009-09-18,225813,2,false,111573307,2015-09-10T11:44:47Z,"","Warner Records",0.738,0.852,7,-6.13,1,0.0768,0.00153,0.0892,0.178,0.834,119.735,4
spotify:track:5rb9QrpfcKFHM1EUbSIurX,"Yeah! (feat. Lil Jon & Ludacris)","Confessions (Expanded Edition)","USHER;Lil Jon;Ludacris",2004-03-23,250373,89,false,111573307,2015-09-10T11:45:00Z,"r&b,crunk,hip hop sureño americano","LaFace Records",0.894,0.791,2,-4.699,1,0.112,0.0183,0,0.0388,0.583,105.018,4
spotify:track:4719foL6R25RSHSJ1shNaj,"Confessions","Confessions (Expanded Edition)","USHER",2004-03-23,260666,68,false,111573307,2015-09-10T11:45:07Z,"r&b","LaFace Records",0.83,0.417,8,-7.559,1,0.0423,0.178,0,0.0858,0.559,115.985,4
spotify:track:0oXuKhuNkXiZtuoxrdt3Ca,"Hot In Herre","Nellyville (Explicit Version)","Nelly",2002-06-25,228226,2,true,111573307,2015-09-10T11:45:35Z,"","Universal Music Group",0.955,0.728,9,-4.862,0,0.122,0.219,0,0.0612,0.922,107.082,4
spotify:track:4bk78jvK8Fe9YHqruOJW0v,"Get the Party Started","M!ssundaztood","P!nk",2001-11-16,191666,5,false,111573307,2015-09-10T11:46:27Z,"","Arista",0.806,0.902,11,-3.387,0,0.0475,0.00127,0,0.212,0.961,128.943,4
spotify:track:0KQx6HOpJueiSkztcS0r7D,"Fallin'","Songs In A Minor","Alicia Keys",2001-06-05,210200,82,false,111573307,2015-09-10T11:46:38Z,"r&b,neo soul","J Records",0.652,0.609,11,-7.519,0,0.037,0.263,0.00101,0.233,0.482,95.986,3
spotify:track:1vFVOr0psCHVWjjK2Jp298,"99 Problems","The Hits Collection Volume One (Deluxe)","JAŸ-Z",2010-11-22,235466,0,true,111573307,2015-09-10T11:46:58Z,"hip hop,hip hop de la costa este,rap","Universal Music Group",0.496,0.969,6,-0.835,0,0.38,0.00828,0,0.0953,0.461,92.034,4
spotify:track:2FhmwMy8LkJAAZv6gb08tq,"Empire State Of Mind","The Hits Collection Volume One (Deluxe)","JAŸ-Z;Alicia Keys",2010-11-22,277106,0,true,111573307,2015-09-10T11:47:00Z,"hip hop,hip hop de la costa este,rap,r&b,neo soul","Universal Music Group",0.481,0.956,8,-1.506,0,0.393,0.0327,0,0.456,0.83,173.512,4
spotify:track:26nr9XnFCYWxBTIP7HyWXg,"Toxic","Greatest Hits: My Prerogative","Britney Spears",2004-11-08,198813,55,false,111573307,2015-09-10T11:47:12Z,"pop","Jive",0.774,0.839,5,-3.948,0,0.114,0.027,0.0166,0.252,0.923,142.985,4
spotify:track:41nT1Sp6ChR65FbsdLlFHW,"Bootylicious","Survivor","Destiny's Child",2001-05-01,207906,65,false,111573307,2015-09-10T11:47:35Z,"","Columbia",0.84,0.835,1,-4.386,0,0.275,0.00281,0.00000111,0.152,0.637,103.376,4
spotify:track:57zanQVhaPws1UEROwCzDm,"Nasty Girl","Survivor","Destiny's Child",2001-05-01,257666,36,false,111573307,2015-09-10T11:47:39Z,"","Columbia",0.767,0.88,1,-3.759,1,0.256,0.0107,0.00202,0.104,0.678,130.054,4
spotify:track:69XUpOpjzDKcfdxqZebGiI,"Independent Women, Pt. 1","Survivor","Destiny's Child",2001-05-01,221133,67,false,111573307,2015-09-10T11:47:41Z,"","Columbia",0.73,0.602,6,-3.782,0,0.206,0.362,0.00000369,0.169,0.927,97.954,4
spotify:track:2Mpj1Ul5OFPyyP4wB62Rvi,"Survivor","Survivor","Destiny's Child",2001-05-01,254026,72,false,111573307,2015-09-10T11:47:43Z,"","Columbia",0.514,0.911,1,-2.027,0,0.41,0.0559,0,0.775,0.619,161.109,4
spotify:track:3TCauNPqFiniaYHBvEVoHG,"Beautiful","Stripped","Christina Aguilera",2002-07-19,238560,71,false,111573307,2015-09-10T11:47:55Z,"","RCA Records Label",0.456,0.573,5,-3.866,0,0.0275,0.578,0.00000305,0.114,0.0992,76.19,4
spotify:track:1vxw6aYJls2oq3gW0DujAo,"Crazy","St. Elsewhere","Gnarls Barkley;CeeLo Green;Danger Mouse",2007-12-01,177933,83,false,111573307,2015-09-10T11:48:46Z,"","WM UK",0.866,0.537,8,-5.786,1,0.0335,0.053,0.0156,0.0866,0.643,111.987,4
spotify:track:02NDo3Vywdl5U2QPeIk9iB,"St. Elsewhere","St. Elsewhere","Gnarls Barkley;CeeLo Green;Danger Mouse",2007-12-01,150253,37,false,111573307,2015-09-10T11:48:50Z,"","WM UK",0.594,0.861,1,-3.699,1,0.117,0.0133,0,0.34,0.589,146.241,4
spotify:track:0eO7SWs88desmou6tFqW36,"Smiley Faces","St. Elsewhere","Gnarls Barkley;CeeLo Green;Danger Mouse",2007-12-01,185413,52,false,111573307,2015-09-10T11:48:55Z,"","WM UK",0.559,0.884,10,-2.647,0,0.0376,0.00924,0,0.33,0.621,86.985,4
spotify:track:6nTiIhLmQ3FWhvrGafw2zj,"American Idiot","American Idiot","Green Day",2004-09-21,176346,86,true,111573307,2015-09-10T11:49:09Z,"punk,pop punk","Reprise",0.38,0.988,1,-2.042,1,0.0639,0.0000264,0.0000786,0.368,0.769,186.113,4
spotify:track:6mawEhCSICojju9nrv042M,"Boom Boom Pow","THE E.N.D. (THE ENERGY NEVER DIES) [International Version]","Black Eyed Peas",2009-01-01,251440,0,false,111573307,2015-09-10T11:49:23Z,"","Universal Music Group",0.867,0.857,9,-5.892,1,0.0663,0.13,0.00171,0.13,0.402,130.048,4
spotify:track:52ZiapOPlSsnOW38efJZeK,"Rock That Body","THE E.N.D. (THE ENERGY NEVER DIES) [International Version]","Black Eyed Peas",2009-01-01,268840,1,false,111573307,2015-09-10T11:49:26Z,"","Universal Music Group",0.715,0.907,7,-6.025,0,0.0993,0.0172,0.0000839,0.426,0.841,124.992,4
spotify:track:2T4u39au5RJzsulMUpRuVr,"Meet Me Halfway","THE E.N.D. (THE ENERGY NEVER DIES) [International Version]","Black Eyed Peas",2009-01-01,284373,1,false,111573307,2015-09-10T11:49:28Z,"","Universal Music Group",0.798,0.629,11,-6.857,0,0.0735,0.00474,0.0000217,0.324,0.4,130,4
spotify:track:6jMw916p6AcxnVQ9n4kbsy,"Imma Be","THE E.N.D. (THE ENERGY NEVER DIES) [International Version]","Black Eyed Peas",2009-01-01,257560,0,false,111573307,2015-09-10T11:49:30Z,"","Universal Music Group",0.597,0.517,0,-6.963,1,0.365,0.179,0,0.307,0.412,92.035,4
spotify:track:63HKH6KQQDOym9zZW5KVbp,"Missing You","THE E.N.D. (THE ENERGY NEVER DIES) [International Version]","Black Eyed Peas",2009-01-01,274546,0,false,111573307,2015-09-10T11:49:32Z,"","Universal Music Group",0.801,0.728,0,-5.419,0,0.0989,0.211,0,0.411,0.404,126.062,4
spotify:track:5STdMlrBf6pqWiNE7WqxSi,"Many Men (Wish Death)","Get Rich Or Die Tryin'","50 Cent",2003-02-06,256240,81,true,111573307,2015-09-10T11:49:52Z,"hip hop old school,hip hop de la costa este","Shady Records",0.589,0.827,11,-2.938,1,0.384,0.0143,0.00151,0.14,0.386,161.978,4
spotify:track:70FCugJxa7XW04Np6iYJdI,"21 Questions","Get Rich Or Die Tryin'","50 Cent;Nate Dogg",2003-02-06,224440,81,true,111573307,2015-09-10T11:49:59Z,"hip hop old school,hip hop de la costa este,g-funk,hip hop de la costa oeste","Shady Records",0.646,0.813,6,-3.846,0,0.299,0.349,0.0000937,0.0427,0.895,92.729,4
spotify:track:3G0yz3DZn3lfraledmBCT0,"P.I.M.P.","Get Rich Or Die Tryin'","50 Cent",2003-02-06,249480,82,true,111573307,2015-09-10T11:50:02Z,"hip hop old school,hip hop de la costa este","Shady Records",0.712,0.772,10,-3.024,0,0.346,0.0521,0.00000435,0.0368,0.848,84.722,4
spotify:track:49kWSA6Ic4UX8czjBAZFq4,"We Belong Together","The Emancipation of Mimi (Ultra Platinum Edition)","Mariah Carey",2005-01-01,201400,0,false,111573307,2015-09-10T11:50:14Z,"navidad","Universal Music Group",0.837,0.462,0,-7.89,1,0.0601,0.0339,0,0.09,0.762,139.986,4
spotify:track:7vqUndKhoCvBhLHh0r4RNB,"Say Somethin'","The Emancipation of Mimi (Ultra Platinum Edition)","Mariah Carey;Snoop Dogg",2005-01-01,224440,0,false,111573307,2015-09-10T11:50:23Z,"navidad,g-funk,hip hop de la costa oeste,rap gangster,hip hop old school,hip hop,rap","Universal Music Group",0.818,0.794,4,-6.293,1,0.0641,0.12,0,0.0828,0.844,108.003,4
spotify:track:0O45fw2L5vsWpdsOdXwNAR,"SexyBack (feat. Timbaland)","FutureSex/LoveSounds","Justin Timberlake;Timbaland",2006-09-12,242733,88,true,111573307,2015-09-10T11:50:36Z,"","Jive",0.967,0.583,7,-5.562,0,0.0789,0.0584,0,0.0519,0.964,117,4
spotify:track:7MJQ9Nfxzh8LPZ9e9u68Fq,"Lose Yourself","SHADYXV","Eminem",2014-11-24,320626,71,true,111573307,2015-09-10T11:51:27Z,"rap,hip hop","Shady Records",0.689,0.735,2,-4.545,1,0.267,0.00922,0.00072,0.365,0.059,171.403,4
spotify:track:64h7PmnLnfN5AodZFGl8C0,"In Da Club","SHADYXV","50 Cent",2014-11-24,193560,30,true,111573307,2015-09-10T11:51:33Z,"hip hop old school,hip hop de la costa este","Shady Records",0.908,0.707,6,-2.792,0,0.341,0.31,0,0.0733,0.786,89.998,4
spotify:track:3AszgPDZd9q0DpDFt4HFBy,"Hey Ya!","The Way You Move / Hey Ya!","Outkast",2003,239240,61,true,111573307,2015-09-10T11:51:58Z,"hip hop sureño americano,hip hop","Arista",0.715,0.97,0,-2.206,1,0.0648,0.0644,0.000156,0.205,0.963,79.504,4
spotify:track:5IVuqXILoxVWvWEPm82Jxr,"Crazy In Love (feat. JAY-Z)","Dangerously In Love","Beyoncé;JAŸ-Z",2003-06-24,236133,82,false,111573307,2015-09-10T11:52:17Z,"hip hop,hip hop de la costa este,rap","Columbia",0.646,0.77,2,-6.596,0,0.226,0.00249,0,0.0715,0.681,99.165,4
spotify:track:6otqZiIqqzzzggZdd1rKgO,"Doo Wop (That Thing) - Edit","Doo Wop","Ms. Lauryn Hill",1998-05-13,240666,61,false,111573307,2015-09-27T22:09:56Z,"neo soul","Columbia",0.795,0.56,2,-8.908,1,0.0659,0.00867,0,0.226,0.635,99.922,4
spotify:track:0zaWQBwkfh9OmK77CiDmRI,"Always On Time","Pain Is Love (International Version)","Ja Rule;Ashanti",2001-10-29,245093,1,true,111573307,2015-10-18T11:53:25Z,"hip hop de la costa este,r&b","Def Jam Recordings",0.838,0.705,5,-6.131,0,0.29,0.195,0,0.336,0.837,96.643,4
spotify:track:2RqZFOLOnzVmHUX7ZMcaES,"Let It Go","Just Like You","Keyshia Cole;Missy Elliott;Lil' Kim",2007-01-01,238333,71,false,111573307,2015-11-23T18:23:59Z,"r&b,hip hop,hip hop de la costa este","Geffen",0.806,0.721,1,-5.167,1,0.215,0.197,0,0.209,0.781,94.966,4
spotify:track:4TruLZo0gT3AmlRAKABjmg,"Indian Flute","Under Construction II (Explicit Version)","Timbaland & Magoo;Sebastian;Rajé Shwari",2003-01-01,201813,0,true,111573307,2015-11-23T19:10:59Z,"","Universal Music Group",0.691,0.51,7,-11.51,1,0.345,0.245,0.0821,0.873,0.796,87.932,4
spotify:track:6kOxgUr5dnr2OHY9cB1LjR,"How Many Licks? (feat. Sisqo)","The Notorious K.I.M.","Lil' Kim;Sisqo",2000-06-16,232906,39,false,111573307,2016-06-08T14:22:56Z,"hip hop de la costa este","Queen Bee/Undeas/Atlantic",0.798,0.82,10,-3.34,0,0.208,0.0371,0,0.315,0.7,105.498,4
spotify:track:1ZMxg7CTaqxpesCoAQvYwD,"We All Want the Same Thing (feat. Lupe Fiasco)","Kevin Michael","Kevin Michael;Lupe Fiasco",2007-10-02,265760,4,false,111573307,2016-07-03T00:20:29Z,"","Downtown Recordings/Atl",0.903,0.48,1,-7.496,1,0.208,0.182,0,0.0679,0.659,97.966,4
spotify:track:26eOTllWPn7oKuDUJnsJwF,"The Sweet Escape","The Sweet Escape (International Version)","Gwen Stefani;Akon",2006-01-01,246466,1,false,111573307,2016-07-08T14:26:51Z,"","Universal Music Group",0.756,0.77,1,-3.502,1,0.0343,0.191,0,0.178,0.73,119.961,4
spotify:track:4TsmezEQVSZNNPv5RJ65Ov,"Pon de Replay","Music Of The Sun","Rihanna",2005-08-29,246960,84,false,111573307,2016-07-08T14:26:54Z,"","Def Jam Recordings",0.779,0.64,7,-8.415,1,0.159,0.000155,0.000766,0.101,0.499,99.017,4
spotify:track:66TRwr5uJwPt15mfFkzhbi,"Crank That (Soulja Boy)","souljaboytellem.com","Soulja Boy",2007-01-01,221933,79,false,111573307,2016-07-08T14:26:56Z,"","Collipark / Interscope",0.733,0.74,0,-2.18,1,0.0905,0.513,0,0.0468,0.799,140.2,4
spotify:track:1hGy2eLcmC8eKx7qr1tOqx,"Beautiful Girls","Beautiful Girls","Sean Kingston",2007-07-23,225373,85,false,111573307,2016-07-08T14:26:57Z,"","Epic",0.762,0.661,1,-6.075,0,0.0687,0.15,0,0.256,0.769,130.009,4
spotify:track:19qn6oU2t0E72ENA0aWNsX,"So What","Funhouse: The Tour Edition","P!nk",2008,215160,1,true,111573307,2016-07-08T14:27:04Z,"","LaFace Records",0.535,0.888,11,-3.1,1,0.0446,0.000304,0.00000217,0.324,0.451,126.011,4
spotify:track:5HbCnVLXRyZVxnreOPgJCK,"Girlfriend","The Best Damn Thing","Avril Lavigne",2007-04-17,216600,7,true,111573307,2016-07-08T14:27:05Z,"","RCA Records Label",0.56,0.959,7,-2.433,1,0.102,0.000738,0.000206,0.209,0.67,163.983,4
spotify:track:19JdbdEwQI7bCxefMokZO8,"My Humps","Monkey Business","Black Eyed Peas",2005-01-01,326960,4,false,111573307,2016-07-08T14:27:06Z,"","A&M",0.801,0.682,1,-5.919,0,0.225,0.111,0.0000156,0.109,0.586,123.95,4
spotify:track:4fixebDZAVToLbUCuEloa2,"Womanizer","Circus (Deluxe Version)","Britney Spears",2008-12-02,224034,84,false,111573307,2016-07-08T14:27:12Z,"pop","Jive",0.724,0.695,11,-5.226,1,0.0622,0.073,0,0.0889,0.235,139,4
spotify:track:6Qm9MaditCcx5V62rVHYqu,"A Thousand Miles","Best Of","Vanessa Carlton",2011-01-01,237440,65,false,111573307,2016-07-08T14:28:51Z,"","A&M (UC)",0.488,0.832,11,-3.876,1,0.0388,0.273,0,0.192,0.258,94.84,4
spotify:track:3GpbwCm3YxiWDvy29Uo3vP,"Right Round","R.O.O.T.S. (Route of Overcoming the Struggle)","Flo Rida;Kesha",2009-03-23,204640,86,false,111573307,2016-07-08T14:28:54Z,"","Poe Boy/Atlantic",0.72,0.672,7,-6.852,1,0.0551,0.009,0,0.232,0.705,124.986,4
spotify:track:2NBQmPrOEEjA8VbeWOQGxO,"Drop It Like It's Hot","R&G (Rhythm & Gangsta): The Masterpiece","Snoop Dogg;Pharrell Williams",2004-01-01,266066,80,true,111573307,2016-07-08T14:28:59Z,"g-funk,hip hop de la costa oeste,rap gangster,hip hop old school,hip hop,rap","Geffen",0.888,0.632,1,-3.872,1,0.219,0.19,0,0.101,0.662,91.979,4
spotify:track:1pLJSpfeHXsIyJS1BmKrrr,"So Good","The Writing's On The Wall","Destiny's Child",1999-07-27,193933,55,false,111573307,2016-08-04T17:10:08Z,"","Columbia",0.882,0.683,1,-4.873,0,0.223,0.033,0,0.0369,0.618,97.932,4
spotify:track:11F9gYrYb4CMkhIAkTfLql,"Been Thru The Storm","The Best of The Roots","The Roots;J.PERIOD",2011-11-22,182653,0,true,111573307,2017-08-26T07:34:45Z,"jazz rap,hip hop de la costa este,hip hop","RBC Records",0.718,0.658,6,-8.199,0,0.329,0.0351,0,0.31,0.685,90.31,3
spotify:track:6pbCkvCENw0suVGr4Ckkae,"Like Glue","Dutty Rock","Sean Paul",2002-11-12,232506,1,false,111573307,2018-01-14T13:18:53Z,"dancehall","Atlantic Records",0.757,0.78,1,-5.038,1,0.319,0.0811,0,0.113,0.59,97.917,4
spotify:track:7HLTmg7VMjrEDYjLk94eWE,"Wash Away","Black Rose","Hil St. Soul",2008-06-09,226413,0,false,111573307,2018-02-26T08:17:58Z,"neo soul","Shanachie",0.884,0.357,0,-5.995,1,0.0472,0.0213,0,0.889,0.593,94.001,4
spotify:track:0uqPG793dkDDN7sCUJJIVC,"Where Is The Love?","Elephunk (International Version)","Black Eyed Peas",2003-01-01,272533,3,false,111573307,2018-04-02T20:50:50Z,"","Universal Music Group",0.835,0.687,5,-3.18,1,0.184,0.101,0,0.132,0.828,94.059,4
spotify:track:3f7gYMirBEKuc57218BjOY,"California Gurls","Teenage Dream","Katy Perry;Snoop Dogg",2010-08-24,234653,70,false,111573307,2018-04-02T20:50:51Z,"pop,g-funk,hip hop de la costa oeste,rap gangster,hip hop old school,hip hop,rap","Capitol Records",0.789,0.753,0,-3.71,1,0.0537,0.0038,0,0.18,0.403,125.007,4
spotify:track:0JEqGkvUiMTQmFY6sgL9kg,"No One","As I Am","Alicia Keys",2007-11-09,253813,3,false,111573307,2018-04-02T20:50:52Z,"r&b,neo soul","J Records",0.649,0.552,1,-5.419,0,0.0292,0.03,0.00000647,0.111,0.158,89.969,4
spotify:track:1lzr43nnXAijIGYnCT8M8H,"It Wasn't Me","Hot Shot (International Version #2)","Shaggy;Rik Rok",2000,227600,2,false,111573307,2018-04-02T20:50:55Z,"reggae,dancehall,riddim,ragga,lovers rock","Geffen",0.853,0.606,0,-4.596,1,0.0713,0.0561,0,0.313,0.654,94.759,4
spotify:track:646J2jOtUe4Jflrmh6JFjN,"Bring Me To Life","Fallen","Evanescence",2003-01-01,235893,5,false,111573307,2018-04-02T20:50:59Z,"metal alternativo","Universal Music Group",0.312,0.946,4,-3.209,0,0.107,0.00749,0.00000293,0.288,0.297,189.892,4
spotify:track:7H6ev70Weq6DdpZyyTmUXk,"Say My Name","The Writing's On The Wall","Destiny's Child",1999-07-27,271333,84,false,111573307,2018-04-02T20:51:02Z,"","Columbia",0.713,0.678,5,-3.525,0,0.102,0.273,0,0.149,0.734,138.009,4
spotify:track:5dNfHmqgr128gMY2tc5CeJ,"Ignition - Remix","Chocolate Factory","R. Kelly",2003,186066,72,false,111573307,2018-04-02T20:51:03Z,"r&b","Jive",0.795,0.523,1,-7.165,1,0.0423,0.061,0,0.0914,0.855,133.024,4
spotify:track:3qKGvSu1inEZKwYQnMavNA,"Smack That","Konvicted","Akon;Eminem",2006,212360,6,true,111573307,2018-04-02T20:51:10Z,"rap,hip hop","Konvict/Upfront/SRC/Universal Records",0.94,0.743,5,-5.166,0,0.0475,0.317,0,0.0909,0.932,118.988,4
spotify:track:7gKIt3rDGIMJDFVSPBnGmj,"Super Bass","Pink Friday","Nicki Minaj",2010-01-01,200013,3,true,111573307,2018-04-02T20:51:25Z,"","Universal Music Group",0.721,0.867,11,-4.302,1,0.196,0.29,0.00000287,0.503,0.639,127.033,4
spotify:track:6mghCOaaSvrke0z1EUVUIf,"Hey, Soul Sister","Save Me, San Francisco (Golden Gate Edition)","Train",2009,216773,1,false,111573307,2018-04-02T20:51:29Z,"pop suave","Columbia",0.674,0.89,1,-4.446,0,0.0459,0.203,0,0.0819,0.737,97.02,4
spotify:track:5AyL2kgLtTWEu3qO3B9SqK,"Like A G6","Free Wired","Far East Movement;The Cataracs;DEV",2010-01-01,216893,78,false,111573307,2018-04-02T20:51:31Z,"","Interscope",0.355,0.838,7,-8.126,0,0.471,0.00682,0,0.117,0.783,165.457,5
spotify:track:1jUA4rb6ZCv4gby4YU53xq,"No Air (feat. Chris Brown)","Jordin Sparks","Jordin Sparks;Chris Brown",2007-11-20,264373,76,false,111573307,2018-04-02T20:51:34Z,"r&b","19 Recordings",0.466,0.759,8,-4.978,0,0.199,0.0521,0,0.0587,0.328,160.033,4
spotify:track:3VzJE6yGuj8fDExUh6TLnc,"Candy Shop","The Massacre","50 Cent;Olivia",2005-03-03,209106,1,true,111573307,2018-04-02T20:51:35Z,"hip hop old school,hip hop de la costa este","Universal Music Group",0.614,0.574,11,-7.961,1,0.466,0.0253,0.000032,0.38,0.755,125.173,5
spotify:track:6cmm1LMvZdB5zsCwX5BjqE,"Down","All Or Nothing","Jay Sean;Lil Wayne",2009-01-01,212506,85,false,111573307,2018-04-02T20:51:36Z,"rap,hip hop","Cash Money",0.727,0.68,2,-4.498,1,0.0286,0.0101,0,0.0821,0.728,132.012,4
spotify:track:2eJ8ij1T3cNUKiGdcUvKhy,"Baby","My Worlds (International Version)","Justin Bieber;Ludacris",2010-01-01,213973,0,false,111573307,2018-04-02T20:51:37Z,"hip hop sureño americano","Universal Music Group",0.73,0.848,5,-5.262,0,0.101,0.0494,0,0.133,0.559,65.025,4
spotify:track:02XnQdf7sipaKBBHixz3Zp,"Paparazzi","The Fame","Lady Gaga",2008-01-01,208306,85,true,111573307,2018-04-02T20:51:38Z,"art pop,pop","Streamline/Interscope",0.762,0.692,5,-3.973,0,0.0437,0.112,0,0.094,0.397,114.903,4
spotify:track:7uKcScNXuO3MWw6LowBjW1,"1, 2 Step (feat. Missy Elliott)","Goodies","Ciara;Missy Elliott",2004-09-27,203786,80,false,111573307,2018-04-02T20:51:43Z,"hip hop","So So Def",0.944,0.511,5,-10.96,0,0.161,0.042,0.00107,0.0379,0.842,113.046,4
spotify:track:1mea3bSkSGXuIRvnydlB5b,"Viva La Vida","Viva La Vida or Death and All His Friends","Coldplay",2008-06-06,242373,90,false,111573307,2018-04-02T20:51:44Z,"","Parlophone UK",0.486,0.617,5,-7.115,0,0.0287,0.0954,0.00000323,0.109,0.417,138.015,4
spotify:track:0gzqZ9d1jIKo9psEIthwXe,"Beautiful Day","All That You Can't Leave Behind","U2",2000-01-01,248400,76,false,111573307,2018-04-02T20:51:45Z,"rock","Universal-Island Records Ltd.",0.536,0.928,11,-6.492,0,0.0589,0.0154,0.00134,0.2,0.389,136.258,4
spotify:track:3MjUtNVVq3C8Fn0MP3zhXa,"...Baby One More Time","...Baby One More Time (Digital Deluxe Version)","Britney Spears",1999-01-12,211066,88,false,111573307,2018-04-02T20:51:47Z,"pop","Jive",0.759,0.699,0,-5.745,0,0.0307,0.202,0.000131,0.443,0.907,92.96,4
spotify:track:3uoQULcUWfnt6nc6J7Vgai,"Your Love Is My Drug","Animal","Kesha",2010,187133,1,false,111573307,2018-04-02T20:51:49Z,"","RCA Records Label",0.829,0.627,1,-3.928,1,0.0759,0.00663,0,0.0939,0.72,120.048,4
spotify:track:235LXPXfi0SmOaS9TaCh3c,"Teenage Dream","Teenage Dream","Katy Perry",2010-08-24,227741,71,false,111573307,2018-04-02T20:52:06Z,"pop","Capitol Records",0.719,0.798,10,-4.582,1,0.0361,0.0162,0.00000234,0.134,0.591,120.012,4
spotify:track:2oENJa1T33GJ0w8dC167G4,"Fire Burning","Tomorrow","Sean Kingston",2009-09-07,239986,76,false,111573307,2018-04-02T20:52:09Z,"","Epic/Beluga Heights",0.839,0.804,1,-2.513,1,0.0329,0.0192,0,0.331,0.888,122.973,4
spotify:track:1mr3616BzLdhXfJmLmRsO8,"Fireflies","Ocean Eyes","Owl City",2009-01-01,228346,1,false,111573307,2018-04-02T20:52:25Z,"","Universal Music Group",0.513,0.661,3,-6.8,1,0.0439,0.0274,0,0.118,0.461,180.118,4
spotify:track:4E5P1XyAFtrjpiIxkydly4,"Replay","Replay","Iyaz",2009-08-18,182306,86,false,111573307,2018-04-02T20:52:44Z,"","Time Is Money/Beluga Heights/Reprise",0.706,0.751,9,-6.323,1,0.0708,0.173,0,0.168,0.195,91.031,4
spotify:track:2CEgGE6aESpnmtfiZwYlbV,"Dynamite","The Rokstarr Hits Collection","Taio Cruz",2010-01-01,202613,78,false,111573307,2018-04-02T20:52:55Z,"","Universal-Island Records Ltd.",0.751,0.781,4,-3.724,1,0.0862,0.0039,0,0.036,0.814,119.977,4
spotify:track:4E6cwWJWZw2zWf7VFbH7wf,"Love Song","Little Voice","Sara Bareilles",2007-07-03,258483,75,false,111573307,2018-04-02T20:53:31Z,"","Epic",0.583,0.786,2,-3.142,0,0.0301,0.0208,0,0.188,0.573,123.055,4
spotify:track:6lV2MSQmRIkycDScNtrBXO,"Airplanes (feat. Hayley Williams of Paramore)","B.o.B Presents: The Adventures of Bobby Ray","B.o.B;Hayley Williams",2010-04-27,180480,84,true,111573307,2018-04-02T20:53:38Z,"art pop","Rebel Rock/Grand Hustle/Atlantic",0.66,0.867,6,-4.285,0,0.116,0.11,0,0.0368,0.377,93.033,4
spotify:track:4356Typ82hUiFAynbLYbPn,"DJ Got Us Fallin' In Love (feat. Pitbull)","Raymond v Raymond (Expanded Edition)","USHER;Pitbull",2010-03-30,220800,88,false,111573307,2018-04-02T20:53:42Z,"r&b","LaFace Records",0.663,0.861,7,-3.398,0,0.109,0.0338,0,0.082,0.654,119.963,4
spotify:track:1ccNXmmgYnajJ8ulYYEK9Y,"I Don't Want to Be","Chariot","Gavin DeGraw",2003-05-26,219080,57,false,111573307,2018-04-02T20:54:23Z,"","J Records",0.435,0.887,0,-3.934,0,0.0846,0.0089,0,0.161,0.463,154.451,4
spotify:track:7yMnml7zdYl5LlDFZPm5Hd,"Burnin' Up","A Little Bit Longer","Jonas Brothers",2008,175093,0,false,111573307,2018-04-02T20:54:45Z,"","Universal Music Group",0.668,0.951,2,-3.453,1,0.0784,0.0324,0,0.338,0.826,113.986,4
spotify:track:7LqjznQwfrax7MjQXmxqdQ,"Jenny from the Block (feat. Jadakiss & Styles P.) - Track Masters Remix","This Is Me...Then","Jennifer Lopez;Jadakiss;Styles P",2002,187840,73,false,111573307,2018-04-02T20:54:55Z,"hip hop de la costa este","Epic",0.845,0.768,6,-5.448,1,0.188,0.00733,0.00000504,0.0575,0.96,100,4
spotify:track:6UaRii9AH6Zss9xNMEQ2M9,"Love The Way You Lie","Recovery","Eminem;Rihanna",2010-06-18,263373,8,true,111573307,2018-04-02T20:55:26Z,"rap,hip hop","Universal Music Group",0.746,0.922,10,-5.014,1,0.236,0.246,0,0.515,0.638,86.961,4
spotify:track:22UDw8rSfLbUsaAGTXQ4Z8,"American Boy","Shine","Estelle;Kanye West",2008-03-28,284733,6,true,111573307,2018-04-02T20:55:56Z,"rap","Woah Dad!",0.727,0.729,0,-2.99,1,0.326,0.171,0,0.07,0.512,117.932,4
spotify:track:2qPUnoasNe4Ep43emVXEig,"Billionaire (feat. Bruno Mars)","Lazarus","Travie McCoy;Bruno Mars",2010-06-07,211160,80,true,111573307,2018-04-02T20:56:00Z,"","Decaydance/Fueled By Ramen",0.633,0.673,6,-6.403,0,0.258,0.297,0,0.206,0.659,86.776,4
spotify:track:3oHNJECGN3bBoGXejlw2b1,"Last Friday Night (T.G.I.F.)","Teenage Dream","Katy Perry",2010-08-24,230733,71,false,111573307,2018-04-02T20:56:02Z,"pop","Capitol Records",0.652,0.81,3,-3.789,0,0.0406,0.00129,0.0000291,0.667,0.732,126.022,4
spotify:track:1Je1IMUlBXcx1Fz0WE7oPT,"Wannabe","Spice","Spice Girls",1996-01-01,173026,83,false,111573307,2018-04-02T20:56:40Z,"","Virgin Records",0.768,0.864,11,-6.149,1,0.0324,0.101,0,0.162,0.891,110.009,4
spotify:track:12lZTPlXwUtrQuhEty6098,"Raise Your Glass","Raise Your Glass","P!nk",2010-10-06,203333,10,true,111573307,2018-04-02T20:56:54Z,"","LaFace Records",0.7,0.695,7,-4.973,1,0.0897,0.00629,0,0.0319,0.633,122.028,4
spotify:track:3H1LCvO3fVsK2HPguhbml0,"Forever","Exclusive - The Forever Edition","Chris Brown",2007,277106,0,false,111573307,2018-04-02T20:56:56Z,"r&b","Jive",0.669,0.822,11,-4.288,1,0.043,0.0339,0.000142,0.231,0.43,120.011,4
spotify:track:00BuKLSAFkaEkaVAgIMbeA,"Telephone","The Fame Monster (International Deluxe)","Lady Gaga;Beyoncé",2009-01-01,220626,4,false,111573307,2018-04-02T20:56:59Z,"art pop,pop","Universal Music Group",0.825,0.832,5,-5.853,0,0.0403,0.00587,0.000789,0.114,0.713,122.021,4
spotify:track:4gFXY5yvHayGckJndafYQE,"Buy U a Drank (Shawty Snappin') (feat. Yung Joc)","Epiphany","T-Pain;Yung Joc",2007-06-01,227960,0,false,111573307,2018-04-02T20:57:01Z,"crunk,hip hop sureño americano","Jive",0.693,0.547,1,-8.127,1,0.114,0.0111,0,0.0677,0.612,80.028,4
spotify:track:1jRzdY7oUBOhrylNtiMtBD,"Shake Ya Ass (feat. Pharrell Williams)","Let's Get Ready","Mystikal;Pharrell Williams",2000-09-26,256972,62,true,111573307,2018-04-02T20:57:03Z,"hip hop sureño americano,crunk,hip hop old school,rap gangster","Jive",0.914,0.608,7,-5.658,1,0.32,0.0626,0,0.0515,0.667,98.049,4
spotify:track:1oHClQEgDmmbcEx12Kc5nZ,"4 Minutes (feat. Justin Timberlake & Timbaland)","Celebration (double disc version)","Madonna;Justin Timberlake;Timbaland",2009-09-18,189693,22,false,111573307,2018-04-02T20:57:27Z,"","Warner Records",0.753,0.931,2,-4.922,1,0.0653,0.00994,0.00696,0.234,0.767,113.026,4
spotify:track:5fVZC9GiM4e8vu99W0Xf6J,"How to Save a Life","How To Save A Life","The Fray",2005-09-13,262533,86,false,111573307,2018-04-02T20:58:00Z,"","Epic",0.64,0.743,10,-4.08,1,0.0379,0.269,0,0.101,0.361,122.035,4
spotify:track:7ElF5zxOwYP4qVSWVvse3W,"Break Your Heart","The Rokstarr Hits Collection","Taio Cruz",2010-01-01,201546,72,false,111573307,2018-04-02T20:58:36Z,"","Universal-Island Records Ltd.",0.607,0.934,3,-4.217,1,0.0314,0.0328,0,0.0906,0.568,122.003,4
spotify:track:6fOPuabPdAJ0HgqJFcDGb1,"Apologize","Dreaming Out Loud (International Version)","OneRepublic",2007-01-01,208106,0,false,111573307,2018-04-02T20:58:38Z,"","Universal Music Group",0.593,0.74,8,-6.12,1,0.0339,0.363,0.0000222,0.102,0.502,118.008,4
spotify:track:1TfAhjzRBWzYZ8IdUV3igl,"Year 3000","Jonas Brothers","Jonas Brothers",2007,201960,0,false,111573307,2018-04-02T20:58:49Z,"","Universal Music Group",0.659,0.869,11,-5.858,1,0.046,0.00357,0,0.302,0.811,106.966,4
spotify:track:5J7iGuzi7Nj8SGvt0TAVzK,"The Way I Are","Shock Value Deluxe Version (International Version)","Timbaland;Keri Hilson;D.O.E.",2007-01-01,179280,2,false,111573307,2018-04-02T20:58:52Z,"","Universal Music Group",0.73,0.807,3,-6.475,0,0.114,0.179,0.718,0.28,0.727,114.715,4
spotify:track:7jk7gqyEonmVVYahZN5zhW,"Circus","Circus (Deluxe Version)","Britney Spears",2008-12-02,192359,82,false,111573307,2018-04-02T20:58:54Z,"pop","Jive",0.791,0.733,6,-5.215,0,0.052,0.147,0.000381,0.0713,0.761,114.98,4
spotify:track:4QNpBfC0zvjKqPJcyqBy9W,"Give Me Everything (feat. Nayer)","Planet Pit (Deluxe Version)","Pitbull;AFROJACK;Ne-Yo;Nayer",2011-06-17,252306,91,false,111573307,2018-04-02T20:59:06Z,"edm,big room","Mr.305/Polo Grounds Music/J Records",0.671,0.939,8,-3.206,1,0.161,0.191,0,0.298,0.53,129.024,4
spotify:track:1mXuMM6zjPgjL4asbBsgnt,"Firework","Teenage Dream","Katy Perry",2010-08-24,227893,73,false,111573307,2018-04-02T20:59:07Z,"pop","Capitol Records",0.638,0.831,8,-5.039,1,0.049,0.142,0,0.113,0.649,124.071,4
spotify:track:3XVBdLihbNbxUwZosxcGuJ,"If I Ain't Got You","The Diary Of Alicia Keys","Alicia Keys",2003-12-02,228706,85,false,111573307,2018-04-02T20:59:09Z,"r&b,neo soul","J Records",0.609,0.444,7,-9.129,1,0.106,0.603,0.00000686,0.104,0.166,118.402,3
spotify:track:0qOnSQQF0yzuPWsXrQ9paz,"Stereo Hearts (feat. Adam Levine)","The Papercut Chronicles II","Gym Class Heroes;Adam Levine",2011-11-11,210960,88,false,111573307,2018-04-02T20:59:16Z,"","Decaydance/Fueled By Ramen",0.646,0.795,9,-3.293,1,0.0976,0.0319,0,0.267,0.796,89.99,4
spotify:track:3BnvVIFwQXXMGjkW4rWRJj,"Don't Phunk With My Heart","Monkey Business","Black Eyed Peas",2005-01-01,239773,0,false,111573307,2018-04-02T20:59:21Z,"","Universal Music Group",0.69,0.928,5,-2.76,0,0.061,0.00937,0,0.547,0.604,130.889,4
spotify:track:6zsk6uF3MxfIeHPlubKBvR,"Get Ur Freak On","Miss E... So Addictive","Missy Elliott",2001-05-14,211120,74,true,111573307,2018-04-02T20:59:30Z,"hip hop","Atlantic Records/ATG",0.797,0.75,0,-9.369,1,0.247,0.533,0.108,0.095,0.74,177.87,4
spotify:track:1XGmzt0PVuFgQYYnV2It7A,"Payphone","Overexposed Track By Track","Maroon 5;Wiz Khalifa",2012-01-01,231173,89,true,111573307,2018-04-02T20:59:48Z,"pop","Interscope Records*",0.743,0.752,4,-4.813,1,0.0414,0.0188,0,0.287,0.545,110.015,4
spotify:track:4cluDES4hQEUhmXj6TXkSo,"What Makes You Beautiful","Up All Night","One Direction",2012-05-25,199986,89,false,111573307,2018-04-02T20:59:59Z,"","Syco Music UK",0.726,0.787,4,-2.494,1,0.0737,0.009,0,0.0596,0.888,124.99,4
spotify:track:0I3q5fE6wg7LIfHGngUTnV,"Ms. Jackson","Stankonia","Outkast",2000-10-31,270506,87,true,111573307,2018-04-02T21:00:05Z,"hip hop sureño americano,hip hop","Arista/LaFace Records",0.843,0.806,4,-5.946,0,0.269,0.143,0,0.0771,0.613,94.948,4
spotify:track:5VGlqQANWDKJFl0MBG3sg2,"Use Somebody","Only By The Night","Kings of Leon",2008-09-23,230760,85,false,111573307,2018-04-02T21:01:21Z,"","RCA/Legacy",0.276,0.715,0,-5.356,1,0.0432,0.00552,0.000417,0.201,0.173,137.028,4
spotify:track:1oQZk2bKBLgP1cbuFKvjkq,"If I Were a Boy","I AM...SASHA FIERCE - Platinum Edition","Beyoncé",2008,249866,75,false,111573307,2018-04-02T21:01:27Z,"","Music World Music/Columbia",0.63,0.504,6,-6.152,1,0.0334,0.0953,0,0.308,0.487,89.946,4
spotify:track:13plQdOoWSSXPRUSZc5FuM,"I Know You Want Me (Calle Ocho)","Pitbull Starring In Rebelution","Pitbull",2009-08-31,237120,74,false,111573307,2018-04-02T21:01:40Z,"","Mr.305/Polo Grounds Music/J Records",0.817,0.733,2,-6.009,1,0.145,0.0152,0.0000431,0.107,0.833,127.056,4
spotify:track:5xV0Czdqefft6sPDqjmFBu,"Let Me Love You","Turning Point","Mario",2004-08-06,249093,51,false,111573307,2018-04-02T21:01:42Z,"r&b","J Records",0.681,0.586,7,-8.324,0,0.058,0.169,0,0.0924,0.604,94.539,4
spotify:track:47x1F4HyX7LafFgxtoa19P,"Kiss Kiss (feat. T-Pain)","Exclusive - The Forever Edition","Chris Brown;T-Pain",2007,250666,0,false,111573307,2018-04-02T21:02:02Z,"r&b","Jive",0.729,0.658,10,-3.386,0,0.225,0.0506,0,0.0693,0.551,140.043,3
spotify:track:0jDWRUbxSn8zQlwFbeLHwo,"Evacuate The Dancefloor","Evacuate The Dancefloor","Cascada",2009-01-01,207200,7,false,111573307,2018-04-02T21:03:00Z,"europop,eurodance,nightcore","UMOD (Universal Music On Demand)",0.762,0.702,0,-5.87,1,0.0432,0.0167,0,0.314,0.898,127.029,4
spotify:track:25FTMokYEbEWHEdss5JLZS,"Teenage Dirtbag","Wheatus","Wheatus",1999-02-15,241666,87,true,111573307,2018-04-22T19:53:09Z,"","Columbia",0.625,0.85,4,-3.904,1,0.0495,0.346,0.000233,0.174,0.633,94.661,4
spotify:track:0Ji2g9AlYLVHAMG5PJoHPU,"We R Who We R","Cannibal","Kesha",2010-11-19,204760,3,false,111573307,2018-04-22T19:53:19Z,"","RCA Records Label",0.734,0.821,8,-4.893,1,0.0406,0.00709,0.00281,0.127,0.648,119.993,4
spotify:track:17tDv8WA8IhqE8qzuQn707,"My First Kiss (feat. Ke$ha)","Streets Of Gold","3OH!3;Kesha",2010-06-25,192440,67,false,111573307,2018-04-22T19:53:26Z,"","Photo Finish",0.682,0.889,0,-4.166,1,0.0804,0.00564,0,0.36,0.827,138.021,4
spotify:track:1CdkNxTlkUWR4ZnXcKES3b,"With You","Exclusive - The Forever Edition","Chris Brown",2007,252120,0,false,111573307,2018-04-22T19:53:33Z,"r&b","Jive",0.662,0.693,3,-4.298,1,0.0698,0.134,0,0.145,0.655,86.009,4
spotify:track:4nthV2eZAXnt4yiJMocLkG,"Dilemma","Nellyville (Explicit Version)","Nelly;Kelly Rowland",2002-06-25,289173,4,true,111573307,2018-04-22T19:55:33Z,"","Universal Music Group",0.73,0.552,2,-8.177,0,0.146,0.18,0.0000614,0.224,0.613,168.091,4
spotify:track:20I6sIOMTCkB6w7ryavxtO,"Call Me Maybe","Kiss","Carly Rae Jepsen",2012-01-01,193400,87,false,111573307,2018-04-22T19:56:19Z,"","Silent Records IGA",0.782,0.58,7,-6.548,1,0.0407,0.0114,0.00000228,0.108,0.66,120.021,4
spotify:track:1i1OuCNhNf7JwrlWlFZFu1,"That's Not My Name","We Started Nothing","The Ting Tings",2007,310573,63,false,111573307,2018-04-22T19:56:26Z,"dance alternativo","Columbia",0.755,0.901,9,-3.152,1,0.0893,0.0451,0.0373,0.363,0.959,145.042,4
spotify:track:1IAzD1muglOxOcPbUHs70R,"Whatever You Like","Paper Trail","T.I.",2008-09-07,249533,82,true,111573307,2018-04-22T19:56:30Z,"hip hop sureño americano","Grand Hustle, LLC",0.68,0.687,9,-6.162,0,0.0709,0.0161,0,0.261,0.467,150.053,4
spotify:track:2DPYlWl50ydYsnnuryL5aX,"Cooler Than Me (feat. Big Sean)","Cooler Than Me EP","Mike Posner;Big Sean",2009-12-15,227840,62,false,111573307,2018-04-22T19:57:23Z,"","J Records",0.837,0.515,7,-4.065,0,0.0793,0.103,0,0.233,0.769,129.001,4
spotify:track:6ic8OlLUNEATToEFU3xmaH,"Gimme More","Blackout","Britney Spears",2007-10-25,251244,87,true,111573307,2018-04-22T19:57:27Z,"pop","Jive",0.788,0.844,2,-3.131,1,0.0334,0.25,0.000678,0.0723,0.382,113.324,4
spotify:track:4PFAm88FBkY7IFtvCaGctZ,"Breakaway","Breakaway","Kelly Clarkson",2004,237000,74,false,111573307,2018-04-22T19:57:38Z,"navidad","RCA Records Label",0.268,0.716,9,-4.151,0,0.0337,0.0421,0.00000988,0.108,0.393,160.008,3
spotify:track:1IpYDWB31L1CxDQZztadSi,"Lonely","Trouble","Akon",2004-01-01,235800,1,true,111573307,2018-04-22T20:13:02Z,"","SRC Records",0.629,0.532,5,-7.88,0,0.0352,0.331,0,0.238,0.619,90.098,4
spotify:track:5FQazQxWUHsJ8QDaXLdFzR,"Blow","Cannibal","Kesha",2010-11-19,219973,10,false,111573307,2018-04-22T20:13:13Z,"","RCA Records Label",0.752,0.73,11,-3.897,0,0.0412,0.00272,0.0000362,0.175,0.769,120.032,4
spotify:track:6mVvHypAxQT1wxpduZPUp2,"Candyman","Keeps Gettin' Better: A Decade of Hits","Christina Aguilera",2008-11-12,193720,37,false,111573307,2018-04-22T20:13:17Z,"","RCA Records Label",0.657,0.725,11,-4.863,0,0.205,0.00512,0.0000985,0.108,0.578,173.017,4
spotify:track:5ra5c4NPCA4szK6hBbMs4u,"Drop (feat. Fatman Scoop)","Indecent Proposal","Timbaland;Magoo;Fatman Scoop",2001-11-20,360693,0,true,111573307,2022-01-09T10:28:58Z,"","Blackground Records, LLC",0.958,0.562,3,-10.408,0,0.217,0.46,0,0.779,0.857,117.013,4
spotify:track:1BIENruTnjKdB7HD2YIlRr,"Love Sex Magic (feat. Justin Timberlake)","Fantasy Ride","Ciara;Justin Timberlake",2009-05-04,220426,58,false,111573307,2022-07-17T07:25:42Z,"","LaFace Records",0.893,0.666,10,-5.089,0,0.138,0.0206,0,0.342,0.874,107.011,4
spotify:track:2wNGoon7FlKnVEyYS1ZRBQ,"Sweet Dreams","I AM...SASHA FIERCE - Platinum Edition","Beyoncé",2008,207480,74,false,111573307,2022-07-17T07:25:45Z,"","Music World Music/Columbia",0.693,0.822,1,-6.01,1,0.102,0.0995,0.0000173,0.061,0.765,121.969,4
spotify:track:5MzjQ95rdB2xt9DNa2IzaC,"Don't Phunk With My Heart","Monkey Business","Black Eyed Peas",2005-01-01,239773,73,false,111573307,2022-07-17T07:25:50Z,"","Interscope",0.69,0.928,5,-2.76,0,0.061,0.00937,0,0.547,0.604,130.889,4
spotify:track:1MBM7CyZbwJpVbbZJnHHRg,"Summer Love","FutureSex/LoveSounds","Justin Timberlake",2006-09-12,252973,82,false,111573307,2022-07-17T07:25:53Z,"","Jive",0.606,0.591,0,-7.228,0,0.087,0.0756,0,0.328,0.477,95.802,4
spotify:track:59ZTxQo8rBycIXPLUIKvE2,"Dirrty (feat. Redman)","Stripped","Christina Aguilera;Redman",2002-07-19,298853,70,false,111573307,2022-07-17T07:25:57Z,"hip hop de la costa este,hip hop old school,hip hop,hardcore hip hop","RCA Records Label",0.64,0.889,2,-3.073,1,0.322,0.107,0,0.339,0.436,99.931,4
spotify:track:4pmc2AxSEq6g7hPVlJCPyP,"Jumpin', Jumpin'","The Writing's On The Wall","Destiny's Child",1999-07-27,230200,75,false,111573307,2022-07-17T07:26:01Z,"","Columbia",0.771,0.685,1,-4.639,1,0.0567,0.00543,0.00157,0.0537,0.683,88.997,4
spotify:track:0GX5oOKtU0nnx5OkhenW2i,"Closer","Year Of The Gentleman","Ne-Yo",2008-01-01,234360,77,false,111573307,2022-07-17T07:26:08Z,"","Def Soul",0.709,0.745,4,-6.436,0,0.074,0.0226,0.0000529,0.154,0.569,126.028,4
spotify:track:0x3TibRgnSqzkcwrqBd4iX,"Down On Me","All About You","Jeremih;50 Cent",2010-01-01,228453,6,false,111573307,2024-09-07T19:47:37Z,"hip hop old school,hip hop de la costa este","Def Jam",0.7,0.598,2,-7.783,1,0.114,0.0369,0,0.111,0.594,160.041,4
spotify:track:4ZPdLEztrlZqbJkgHNw54L,"Good Life","Graduation","Kanye West;T-Pain",2007-09-11,207000,80,true,111573307,2024-09-07T19:48:47Z,"rap","Roc-A-Fella",0.439,0.808,1,-6.881,1,0.346,0.00305,0,0.439,0.486,82.962,4
spotify:track:2ENexcMEMsYk0rVJigVD3i,"Only Girl (In The World)","Loud","Rihanna",2010-01-01,235493,90,false,111573307,2024-09-07T19:49:24Z,"","Def Jam Recordings",0.789,0.706,11,-4.233,0,0.0429,0.112,0.0000171,0.0586,0.638,125.918,4
spotify:track:1RGIjMFMgJxkZHMDXVYzOJ,"Bartender (feat. Akon)","Epiphany (Expanded Edition)","T-Pain;Akon",2007-06-05,238800,80,true,111573307,2024-09-07T19:50:10Z,"","Jive/Legacy",0.832,0.391,8,-8.504,1,0.0628,0.0564,0,0.224,0.436,104.961,4
spotify:track:1KGi9sZVMeszgZOWivFpxs,"No Scrubs","Fanmail","TLC",1999-02-23,214400,88,false,111573307,2024-09-07T19:51:06Z,"","Arista/LaFace Records",0.743,0.675,8,-4.267,0,0.0953,0.0251,0.000717,0.0685,0.59,92.909,4
spotify:track:0DLOyyQvwPTSDKuhpzMMwA,"I'm Sprung","Rappa Ternt Sanga (Expanded Edition)","T-Pain",2005-12-06,231040,77,false,111573307,2024-09-07T19:53:45Z,"","Jive/Legacy",0.728,0.327,0,-11.596,0,0.0999,0.0948,0,0.103,0.195,100,4
spotify:track:0j2T0R9dR9qdJYsB7ciXhf,"Stronger","Graduation","Kanye West",2007-09-11,311866,86,true,111573307,2024-09-07T19:54:31Z,"rap","Roc-A-Fella",0.617,0.716,1,-7.858,1,0.136,0.0056,0,0.408,0.496,104.014,4
spotify:track:314QzMOrpNUqWBUozYshf6,"Buttons","PCD","The Pussycat Dolls",2005-01-01,225560,78,false,111573307,2024-09-07T19:56:25Z,"","Pussycat Dolls",0.564,0.817,2,-4.338,1,0.271,0.152,0,0.247,0.478,210.855,4
spotify:track:6MdqqkQ8sSC0WB4i8PyRuQ,"No Diggity","Another Level","Blackstreet;Dr. Dre;Queen Pen",1996-09-09,304600,82,false,111573307,2026-02-01T19:02:21Z,"new jack swing,hip hop old school,g-funk,rap gangster,hip hop de la costa oeste,hip hop,rap","Interscope",0.867,0.646,1,-4.674,0,0.288,0.303,0,0.279,0.67,88.634,4
spotify:track:5D5Iwi9xI64mqdQOU9lTui,"Fuck You","The Lady Killer","CeeLo Green",2010-10-29,222933,76,true,111573307,2026-02-01T19:02:27Z,"","Radiculture/Elektra",0.693,0.834,0,-5.79,1,0.0556,0.129,0,0.136,0.737,127.473,4
spotify:track:4NOZ35Dhucr6UlVyLOtktd,"Dangerous","Not 4 Sale","Kardinal Offishall;Akon",2008-01-01,246053,82,true,111573307,2026-02-01T19:02:45Z,"","Konvict Live/Geffen Records",0.949,0.789,8,-5.956,1,0.0755,0.00437,0,0.0816,0.808,117.002,4
spotify:track:4wH4dJgrsxONID6KS2tDQM,"Maneater","Loose","Nelly Furtado",2006-01-01,258893,87,false,111573307,2026-02-01T19:03:25Z,"","Mosley / Geffen",0.796,0.778,6,-4.81,1,0.0397,0.0258,0.000386,0.121,0.789,132.724,4
spotify:track:0wbDgMuAoy7O7pL3a69uZx,"Give It To Me","Shock Value","Timbaland;Justin Timberlake;Nelly Furtado",2007-04-02,234026,80,true,111573307,2026-02-01T19:04:06Z,"","Interscope/Blackground Records",0.975,0.711,8,-3.904,1,0.0632,0.168,0.000552,0.0799,0.815,110.621,4
spotify:track:2W29TNaSCiolWbPfQNgNOW,"Genesis","Cross","Justice",2007-06-18,234959,0,false,111573307,2026-08-01T10:06:42Z,"house francés,new rave","Because Music/WMI",0.712,0.788,2,-5.122,1,0.362,0.0202,0.329,0.0978,0.289,117.13,4
spotify:track:3aJueh2wtYq9s6CplZLYJc,"Calabria 2007 (radio mix)","Calabria 2007","Enur;Natasja",2007,232506,0,false,111573307,2026-08-01T10:23:52Z,"rap danés,pop danés","Scorpio Music",0.888,0.578,7,-7.544,1,0.185,0.00954,0.0483,0.0551,0.441,126.014,4
spotify:track:0kXJNqmYdjwb31QLWGkNb7,"Superlove","Superlove","Avicii;Lenny Kravitz",2012-05-29,322514,54,false,111573307,2026-08-01T10:28:16Z,"edm","Roadrunner Records",0.729,0.955,9,-6.87,0,0.113,0.136,0.918,0.0841,0.896,128.008,4
spotify:track:1Thv8uCYzyOFC7PME9J936,"The Island, Pt. I (Dawn)","Immersion","Pendulum",2010-05-21,320173,58,false,111573307,2026-08-01T10:28:26Z,"drum and bass,drumstep,dubstep","WM UK",0.578,0.893,9,-3.615,0,0.0557,0.0000615,0.00629,0.147,0.373,126.018,4
spotify:track:5HOpkTTVcmZHnthgyxrIL8,"The Fox (What Does the Fox Say?)","The Fox (What Does the Fox Say?)","Ylvis",2013-09-02,213708,70,false,111573307,2026-08-01T10:30:07Z,"","WM Norway",0.703,0.867,6,-4.292,1,0.0453,0.107,0,0.119,0.546,128.008,4
spotify:track:1CmUZGtH29Kx36C1Hleqlz,"Thrift Shop (feat. Wanz)","Thrift Shop (feat. Wanz)","Macklemore & Ryan Lewis;Macklemore;Ryan Lewis;Wanz",2013-01-14,235613,69,true,111573307,2026-08-01T10:32:38Z,"g-funk,hip hop de la costa oeste","Macklemore",0.781,0.526,6,-6.985,0,0.293,0.0619,0,0.0457,0.662,94.992,4
spotify:track:0kSgECIEu3ARlKI5M6Z30E,"Harlem Shake","Jeffree's Volume 3","Baauer",2012-06-12,196664,0,false,111573307,2026-08-01T10:32:46Z,"edm trap","Mad Decent",0.473,0.794,9,-5.151,1,0.0462,0.0119,0.00218,0.418,0.292,139.313,4
spotify:track:4OiSZWCsN6Hy7SmHMzplwe,"Watch Out For This [Bumaye] [feat. Busy Signal, The Flexican & FS Green]","Watch Out For This [Bumaye] [feat. Busy Signal, The Flexican & FS Green]","Major Lazer",2013-03-25,269146,0,false,111573307,2026-08-01T10:33:08Z,"moombahton","Major Lazer/Because Music",0.828,0.755,10,-4.116,0,0.156,0.0202,0.00000961,0.0625,0.862,108.056,4
spotify:track:3PIUlioiiPj3YT2vxFFuwe,"Bara Bara Bere Bere","Bara Bara Bere Bere","Alex Ferrari",2012-07-09,222480,0,false,111573307,2026-08-01T10:34:38Z,"","Parlophone France",0.96,0.573,7,-8.672,1,0.171,0.0136,0.00000133,0.229,0.919,130.094,4
spotify:track:2BZyW7X7zW4bvWKc1nMtnZ,"Ma chérie 2k12 - DJ Antoine Vs Mad Mark 2k12 Radio Edit","Ma Chérie 2k12","DJ Antoine;The Beatshakers",2011-01-01,191186,0,false,111573307,2026-08-01T10:35:05Z,"","Universal Music Distribution Deal",0.78,0.595,8,-5.021,1,0.195,0.0348,0.000102,0.0411,0.883,127.948,4
spotify:track:1IRNjfivqiDhzey02C11ge,"P.I.M.P.","P.I.M.P. (International Version)","50 Cent",2003-01-01,249840,0,true,111573307,2026-08-01T10:37:25Z,"hip hop old school,hip hop de la costa este","Interscope",0.684,0.773,10,-3.05,0,0.351,0.0521,0.0000149,0.0328,0.873,78.66,4
spotify:track:06dOu8Z9GK7XrEvRB8mpVa,"humain à l'eau","racine carrée","Stromae",2013-01-01,239226,0,false,111573307,2026-08-01T10:38:48Z,"pop francés","Universal Music Group",0.838,0.743,11,-9.098,0,0.332,0.031,0,0.0852,0.423,138.02,4
spotify:track:0nElzVRcJKKeC1RueSm60W,"Left And Right - feat. Method Man And Redman","Voodoo","D'Angelo",2000-01-25,286466,0,true,111573307,2026-08-08T13:16:42Z,"neo soul","Virgin Records",0.842,0.405,1,-9.504,1,0.628,0.219,0,0.368,0.824,91.972,4
spotify:track:5MRD9NLTBZAmkSXwwfFK0p,"Chemtrails","Chemtrails","Kinder Malo;Pimp Flaco;WBMS",2016-11-24,194246,40,false,111573307,2026-08-09T12:23:41Z,"","Dora Black",0.622,0.76,11,-6.61,0,0.233,0.355,0,0.164,0.637,159.995,4
spotify:track:0rcDFdi19NtKf9NbHxr0k9,"In Common","In Common","Alicia Keys",2016-05-04,209050,48,false,111573307,2026-08-10T10:35:20Z,"r&b,neo soul","RCA Records Label",0.647,0.679,8,-7.092,1,0.0826,0.0182,0,0.0413,0.302,120.138,4
spotify:track:2h5jRJjaApDMiI3vmWPy5f,"Swish","Swish","OXP;Onra;Pomrad;Devin Morrison",2020-05-15,227484,8,false,111573307,2026-08-10T11:27:40Z,"trip hop,nu disco,neo soul","NBN",0.647,0.44,6,-10.695,1,0.0328,0.0629,0.00000177,0.0867,0.455,93.96,4
spotify:track:1YrHyDbH17btvI2rFTkbCQ,"Bitch Please","The Best Of Snoop Dogg","Snoop Dogg;Xzibit",2005-01-01,234733,48,true,111573307,2026-08-10T11:28:49Z,"g-funk,hip hop de la costa oeste,rap gangster,hip hop old school,hip hop,rap,hardcore hip hop","Priority Records",0.863,0.771,7,-2.77,1,0.19,0.00954,0,0.288,0.812,95.029,4
spotify:track:2IHaGyfxNoFPLJnaEg4GTs,"What Is Love - 7"" Mix","The Album","Haddaway",1993-09-13,270373,9,false,111573307,2026-08-11T14:46:42Z,"eurodance","Coconut Music",0.683,0.772,7,-7.907,0,0.0311,0.0222,0.0149,0.203,0.737,123.871,4
spotify:track:4rdPNHlIYUbSfa4iuQ7ccz,"Mr. Wrong","My Life II...The Journey Continues (Act 1)","Mary J. Blige;Drake",2011-01-01,241866,62,false,111573307,2026-08-11T16:11:19Z,"r&b,rap","Geffen*",0.694,0.674,0,-4.991,0,0.164,0.202,0.0000122,0.138,0.46,143.067,4
spotify:track:5WphWTUIfRe7x8NZss79cY,"Let Me Love You","Turning Point","Mario",2004-12-06,249093,75,false,111573307,2026-08-11T21:30:38Z,"r&b","J Records",0.622,0.593,7,-8.352,0,0.0916,0.163,0,0.0979,0.607,94.364,4
